"Open Houses","Photo","MLS","AR","Type","S","Address","City","BR","Baths(FTHQ)","SqFt","LP $/SqFt","LP","SP","HOD","Lot Sz","YB","DOM","# of Units","Change Date"
"","14","TR24029479MR","1543","INC","S","1150  W Stoneridge CT ","ONTARIO","9","5.00 (0 0 0 0)","2,503","$345.59","$865,000","$865,000","","10,620","1955","43","3","05/06/2024"
"","11","RS23169038MR","1543","INC","S","514  W Ralston ST ","ONTARIO","4","4.00 (0 0 0 0)","1,920","$390.57","$749,900","$745,000","$0.00","7,700","1920","32","2","05/08/2024"
"","33","CV24025341MR","1543","INC","S","200  E Phillips ST ","ONTARIO","8","5.00 (0 0 0 0)","2,848","$526.69","$1,500,000","$1,430,000","","9,000","1950","61","4","05/15/2024"
"","23","IV23157716MR","469","INC","S","480  W Center ST ","POMONA","2","3.00 (0 0 0 0)","1,967","$345.70","$680,000","$656,500","$0.00","6,868","1889","216","3","05/16/2024"
"","3","OC24050219MR","1795","INC","S","822  E 9th ST ","UPLAND","2","2.00 (0 0 0 0)","1,028","$582.68","$599,000","$650,000","","7,200","1906","10","1","05/17/2024"
"","6","AR24077693MR","1455","INC","S","10391   Pradera AVE ","MONTCLAIR","8","8.00 (0 0 0 0)","3,552","$281.25","$999,000","$1,010,000","","9,238","1962","8","4","05/17/2024"
"","31","DW24055992MR","1543","INC","S","408  W Francis ST ","ONTARIO","4","2.00 (0 0 0 0)","1,400","$549.29","$769,000","$775,000","","9,190","1947","27","2","05/22/2024"
"","18","AR24022876MR","487","INC","S","631   Harvard  ","CLAREMONT","9","6.00 (0 0 0 0)","4,286","$443.07","$1,899,000","$1,850,000","$0.00","7,702","1964","91","3","05/28/2024"
"","9","IV24042027MR","1627","INC","S","7411   Napa CT ","RANCHO CUCAMONGA","9","7.00 (0 0 0 0)","3,746","$373.73","$1,400,000","$1,250,000","$614.00","8,500","1976","58","4","05/29/2024"
"","3","WS24011711MR","469","INC","S","651   Loranne AVE ","POMONA","4","2.00 (0 0 0 0)","1,706","$395.66","$675,000","$700,000","","6,223","1956","51","2","06/01/2024"
"","","COMP24135819","487","INC","S","631   HARVARD AVE ","CLAREMONT","6","6.00 (6 0 0 0)","4,286","$431.64","$1,850,000","$1,850,000","","7,702","1964","0","3","06/04/2024"
"","27","CV24097482MR","469","INC","S","411   San Francisco AVE ","POMONA","4","2.00 (0 0 0 0)","1,040","$572.12","$595,000","$607,000","$0.00","5,941","1924","16","2","06/05/2024"
"","22","OC23124376MR","1543","INC","S","622  N Vine 622-630 AVE ","ONTARIO","7","5.00 (0 0 0 0)","3,792","$356.01","$1,350,000","$1,185,000","","5,184","1953","277","5","06/12/2024"
"","23","IV24044829MR","1543","INC","S","820  E D ST #ABC","ONTARIO","2","2.00 (0 0 0 0)","940","$558.51","$525,000","$517,000","","6,300","1953","18","2","06/14/2024"
"","4","CV24058874MR","1543","INC","S","1571  E Olive ST ","ONTARIO","5","3.00 (0 0 0 0)","1,994","$371.11","$739,999","$740,000","$0.00","7,314","1954","35","2","06/14/2024"
"","22","CV24026099MR","487","INC","S","653   Marylind AVE ","CLAREMONT","2","2.00 (2 0 0 0)","1,760","$596.59","$1,050,000","$1,052,000","$0.00","8,651","1928","25","","06/24/2024"
"","26","CV24041712MR","1795","INC","S","259  S Campus AVE ","UPLAND","3","3.00 (0 0 0 0)","1,226","$554.65","$679,999","$685,000","$0.00","7,809","1948","79","2","06/29/2024"
"","16","WS24076781MR","469","INC","S","112  E Kingsley AVE ","POMONA","2","1.00 (0 0 0 0)","648","$655.86","$425,000","$450,000","$0.00","3,524","1930","16","1","07/01/2024"
"","35","CV24109199MR","1543","INC","S","213  E Park ST ","ONTARIO","1","1.00 (0 0 0 0)","1,170","$477.78","$559,000","$595,000","$0.00","3,600","1949","4","2","07/03/2024"
"","38","CV24077651MR","469","INC","S","619   Saint Paul ST ","POMONA","5","5.00 (0 0 0 0)","2,297","$376.58","$865,000","$865,000","","6,754","1947","2","2","07/03/2024"
"","1","CV24115050MR","1543","INC","S","412  W Sunkist ST ","ONTARIO","8","4.00 (0 0 0 0)","4,604","$195.48","$900,000","$891,000","","7,500","1952","0","4","07/07/2024"
"","1","TR24084111MR","487","INC","S","235   Olive ST ","CLAREMONT","6","2.00 (0 0 0 0)","2,126","$465.19","$989,000","$979,000","$0.00","8,786","1945","29","2","07/18/2024"
"","17","IV24111246MR","1455","INC","S","4851   Kingsley ST #2","MONTCLAIR","4","2.00 (0 0 0 0)","1,680","$446.40","$749,950","$750,000","$0.00","7,200","1958","6","2","07/25/2024"
"","1","WS24096480MR","1543","INC","S","1156  W Stoneridge CT ","ONTARIO","4","0.00 (0 0 0 0)","3,700","$228.38","$845,000","$852,000","","10,440","1960","8","4","07/29/2024"
"","5","TR24080769MR","1455","INC","S","9405   Pradera AVE ","MONTCLAIR","8","4.00 (0 0 0 0)","3,592","$300.67","$1,080,000","$1,110,000","$0.00","7,200","1962","3","4","07/31/2024"
"","8","PW24069755MR","1795","INC","S","774  N 1st AVE ","UPLAND","5","4.00 (0 0 0 0)","2,387","$492.25","$1,175,000","$1,000,000","","7,000","1895","34","3","08/06/2024"
"","16","WS24135110MR","1543","INC","S","1044  N Sacramento AVE ","ONTARIO","8","12.00 (0 0 0 0)","4,800","$260.42","$1,250,000","$1,260,000","$0.00","7,475","1964","14","4","08/09/2024"
"","14","WS24135114MR","1543","INC","S","1038  N Sacramento AVE ","ONTARIO","8","12.00 (0 0 0 0)","4,800","$260.42","$1,250,000","$1,260,000","$0.00","7,579","1964","14","4","08/09/2024"
"","1","IV24111864MR","469","INC","S","757  W CENTER ST ","POMONA","3","0.00 (0 0 0 0)","2,007","$331.34","$665,000","$570,000","$0.00","6,146","1918","19","3","08/09/2024"
"","8","WS24134186MR","1543","INC","S","339  N Beverly CT ","ONTARIO","8","4.00 (0 0 0 0)","3,200","$374.84","$1,199,500","$1,300,000","","8,190","1953","5","4","08/12/2024"
"","","COMP24137454","469","INC","S","150  E LA VERNE AVE ","POMONA","28","32.00 (32 0 0 0)","20,822","$192.42","$4,006,500","$4,006,500","","27,754","1963","0","18","08/13/2024"
"","18","FR24142085MR","1543","INC","S","416  N Cherry AVE ","ONTARIO","6","3.00 (0 0 0 0)","2,775","$358.56","$995,000","$970,000","","10,620","1906","5","3","08/16/2024"
"","38","CV24084157MR","1795","INC","S","2480   Forman ST ","UPLAND","7","4.00 (0 0 0 0)","3,323","$359.61","$1,195,000","$1,100,000","$0.00","15,675","1959","6","3","08/20/2024"
"","1","CV24070831MR","469","INC","S","2406   Angela ST ","POMONA","8","7.00 (0 0 0 0)","3,828","$252.87","$968,000","$965,000","$0.00","7,247","1964","107","4","08/28/2024"
"","35","IG24158548MR","469","INC","S","389  E 9th ST ","POMONA","7","4.00 (0 0 0 0)","2,632","$322.95","$849,999","$855,000","","7,686","1910","7","3","08/30/2024"
"","34","DW24071702MR","469","INC","S","1883  S Reservoir ST ","POMONA","3","2.00 (0 0 0 0)","1,357","$460.57","$625,000","$580,000","","8,104","1960","7","2","09/03/2024"
"","1","MB24068943MR","1543","INC","S","1210  S Bon View AVE ","ONTARIO","4","2.00 (0 0 0 0)","1,052","$664.45","$699,000","$699,000","","9,380","1961","123","2","09/03/2024"
"","3","SW24175507MR","1543","INC","S","1749  E Fairfield CT ","ONTARIO","9","8.00 (0 0 0 0)","4,269","$213.16","$910,000","$985,000","$0.00","8,150","1980","1","4","09/06/2024"
"","33","DW24111105MR","1543","INC","S","853  W Vesta ST ","ONTARIO","5","2.00 (0 0 0 0)","1,334","$637.18","$849,999","$800,000","","7,080","1950","47","2","09/10/2024"
"","13","24-430667","469","INC","S","795  W 12th St ","Pomona","3","2.00 (0 0 0 0)","1,133","$458.96","$520,000","$525,000","","6,238","1940","6","2","09/13/2024"
"","28","CV24139722MR","469","INC","S","274  W Phillips BLVD ","POMONA","4","2.00 (2 0 0 0)","1,585","$441.01","$699,000","$705,000","$0.00","8,238","1952","15","2","09/16/2024"
"","","COMP24138316","469","INC","S","1140  S WHITE AVE ","POMONA","6","4.00 (4 0 0 0)","2,562","$257.61","$660,000","$660,000","","7,203","1990","0","2","09/17/2024"
"","16","TR24160579MR","1627","INC","S","11237   Terra Vista PKWY #F","RANCHO CUCAMONGA","2","2.00 (2 0 0 0)","829","$541.62","$449,000","$445,000","$345.00","3,572","1994","5","","10/05/2024"
"","11","CV24170642MR","1543","INC","S","215  E Belmont ST ","ONTARIO","2","1.00 (0 0 0 0)","2,520","$287.98","$725,700","$745,000","","8,560","1962","24","3","10/17/2024"
"","67","CV24159028MR","469","INC","S","607  N Gibbs ST ","POMONA","6","2.00 (0 0 0 0)","1,952","$434.88","$848,888","$877,500","$0.00","5,208","1907","37","2","10/17/2024"
"","4","IG24011084MR","469","INC","S","10931   Kadota AVE ","POMONA","6","4.00 (0 0 0 0)","2,476","$342.89","$849,000","$846,632","","11,000","1954","50","4","10/19/2024"
"","71","CV24126728MR","1543","INC","S","203  E Park ST ","ONTARIO","6","5.00 (0 0 0 0)","3,027","$330.00","$998,900","$1,020,000","$0.00","10,800","1946","99","3","10/21/2024"
"","1","DW24119803MR","469","INC","S","1459  S White AVE ","POMONA","5","2.00 (0 0 0 0)","1,496","$451.20","$675,000","$712,500","$0.00","12,697","1944","13","2","10/23/2024"
"","31","TR24104625MR","1795","INC","S","621   Richland ST ","UPLAND","8","8.00 (0 0 0 0)","3,200","$500","$1,600,000","$1,600,000","","8,174","1983","137","4","10/25/2024"
"","48","CV24154515MR","1795","INC","S","460  N 3rd AVE ","UPLAND","4","3.00 (0 0 0 0)","1,988","$397.38","$790,000","$720,000","$0.00","8,256","1909","89","2","10/26/2024"
"","7","IV24159908MR","1795","INC","S","731   Vernon Drive ","UPLAND","2","4.00 (0 0 0 0)","1,714","$529.17","$907,000","$900,000","$0.00","6,600","1953","35","4","10/29/2024"
"","8","CV24149869MR","1543","INC","S","738  W Ralston ST ","ONTARIO","7","3.00 (0 0 0 0)","2,292","$335.51","$769,000","$800,000","$0.00","9,358","1961","9","3","11/01/2024"
"","10","CV24176809MR","1795","INC","S","170   Linda WAY ","UPLAND","2","1.00 (0 0 0 0)","4,422","$270.24","$1,195,000","$1,185,000","","8,760","1970","0","5","11/04/2024"
"","","COMP24139275","469","INC","S","301  E FRANKLIN AVE ","POMONA","3","2.00 (2 0 0 0)","1,360","$459.56","$625,000","$625,000","","16,415","1919","0","2","11/05/2024"
"","18","CV24169689MR","1543","INC","S","813  N Campus AVE ","ONTARIO","2","2.00 (2 0 0 0)","1,452","$457.99","$665,000","$680,000","$0.00","4,600","1956","34","","11/08/2024"
"","8","PW24177039MR","469","INC","S","935  W 3rd ST ","POMONA","4","5.00 (0 0 0 0)","4,368","$228.93","$999,988","$975,000","$0.00","13,650","1951","50","5","11/10/2024"
"","","COMP24139743","469","INC","S","217  E 7TH ST ","POMONA","8","8.00 (8 0 0 0)","5,376","$275.30","$1,480,000","$1,480,000","","15,584","1925","0","8","11/12/2024"
"","25","CV24160856MR","1795","INC","S","536  N 1st AVE ","UPLAND","4","0.00 (0 0 0 0)","2,600","$384.62","$1,000,000","$910,000","$0.00","7,000","1945","57","4","11/12/2024"
"","8","PW24157773MR","469","INC","S","912  W 3rd ST ","POMONA","4","4.00 (0 0 0 0)","1,950","$423.08","$824,999","$600,000","$0.00","6,786","1929","66","4","11/22/2024"
"","9","CV24162428MR","1795","INC","S","715723   Vernon DR ","UPLAND","2","4.00 (0 0 0 0)","1,863","$504.03","$939,000","$925,000","","6,600","1948","39","4","11/24/2024"
"","42","DW24201027MR","469","INC","S","725  N Gordon ST ","POMONA","5","4.00 (0 0 0 0)","2,764","$215.27","$595,000","$560,000","","11,743","1897","40","2","11/27/2024"
"","1","SB24142846MR","1543","INC","S","1701  E Fairfield CT ","ONTARIO","9","8.00 (0 0 0 0)","4,269","$351.37","$1,500,000","$1,420,000","$0.00","14,177","1980","48","4","12/05/2024"
"","1","SB24143081MR","1543","INC","S","1701  E Fairfield CT ","ONTARIO","9","8.00 (4 1 3 0)","4,269","$351.37","$1,500,000","$1,420,000","$0.00","14,177","1980","48","","12/05/2024"
"","66","CV24186701MR","1795","INC","S","971   5th AVE ","UPLAND","3","2.00 (0 0 0 0)","1,811","$438.98","$795,000","$720,000","$0.00","7,397","1928","51","3","12/09/2024"
"","14","CV24236049MR","469","INC","S","901 923 N San Antonio AVE ","POMONA","5","4.00 (0 0 0 0)","10,075","$229.28","$2,310,000","$2,175,800","","15,681","1963","1","11","12/13/2024"
"","4","CV24168061MR","469","INC","S","305  E Grand AVE ","POMONA","8","4.00 (0 0 0 0)","4,023","$229.90","$924,888","$1,100,000","$0.00","12,209","1964","0","4","12/13/2024"
"","35","24-463151","469","INC","S","795  W 12th St ","Pomona","3","2.00 (0 0 0 0)","1,133","$616.95","$699,000","$715,000","","6,238","1940","8","2","12/13/2024"
"","11","PW24183431MR","469","INC","S","435  E 11th ST ","POMONA","4","2.00 (0 0 0 0)","1,500","$476.67","$715,000","$700,000","","7,802","1901","78","2","12/17/2024"
"","54","P1-20176PF","487","INC","S","506  N Towne AVE ","CLAREMONT","5","4.00 (0 0 0 0)","6,288","$270.36","$1,700,000","$1,500,000","$0.00","11,900","1964","5","","12/23/2024"
"","43","IV24160756MR","1455","INC","S","5217   Kingsley ST ","MONTCLAIR","4","2.00 (0 0 0 0)","1,728","$448.50","$775,000","$781,000","","7,320","1961","72","2","12/27/2024"
"","38","CV24211611MR","1455","INC","S","10325   Lehigh AVE ","MONTCLAIR","6","5.00 (0 0 0 0)","12,701","$283.44","$3,600,000","$3,550,000","$0.00","16,080","1962","17","13","12/30/2024"
"","8","CV24237138MR","1795","INC","S","540  W Arrow  ","UPLAND","3","2.00 (0 0 0 0)","8,451","$218.91","$1,850,000","$2,100,000","","15,400","1960","19","13","12/30/2024"
"","","COMP25140709","469","INC","S","923  N SAN ANTONIO AVE #A","POMONA","9","7.00 (7 0 0 0)","5,036","$432.09","$2,176,000","$2,176,000","","9,673","1963","0","6","01/02/2025"
"","5","OC24190900MR","1543","INC","S","603  N San Antonio AVE ","ONTARIO","3","2.00 (0 0 0 0)","1,697","$393.64","$668,000","$600,000","","7,425","1946","38","2","01/03/2025"
"","1","CV24208783MR","469","INC","S","330   San Bernardino AVE ","POMONA","2","2.00 (0 0 0 0)","1,352","$443.71","$599,900","$600,000","$0.00","6,962","1938","65","2","01/03/2025"
"","1","WS23111968MR","469","INC","S","648   Abbey Lane ","POMONA","10","5.00 (0 0 0 0)","4,370","$343.25","$1,500,000","$1,440,000","$0.00","7,807","1962","481","5","01/10/2025"
"","30","CV24158508MR","1795","INC","S","799  E 7th ST ","UPLAND","4","2.00 (0 0 0 0)","1,642","$471.99","$775,000","$782,750","$0.00","6,732","1950","67","2","01/17/2025"
"","22","DW24248071MR","469","INC","S","1041  W 3rd ST ","POMONA","3","2.00 (0 0 0 0)","1,148","$522.55","$599,888","$680,000","$0.00","6,785","1913","12","2","01/22/2025"
"","10","CV24209804MR","1543","INC","S","741   Corvette DR ","ONTARIO","10","6.00 (0 0 0 0)","3,989","$393.58","$1,570,000","$1,470,000","","9,956","1987","30","4","01/30/2025"
"","12","IV24193265MR","1543","INC","S","1541  N Hope AVE ","ONTARIO","8","4.00 (0 0 0 0)","3,502","$314.11","$1,100,000","$1,000,000","","9,826","1963","54","4","02/04/2025"
"","46","CV24131326MR","1795","INC","S","845  N 5th AVE ","UPLAND","8","4.00 (4 0 0 0)","2,983","$368.09","$1,098,000","$989,000","$0.00","11,418","1961","148","","02/05/2025"
"","46","CV24146591MR","1795","INC","S","845   5th AVE ","UPLAND","8","4.00 (0 0 0 0)","2,983","$368.09","$1,098,000","$989,000","$0.00","11,418","1961","148","2","02/05/2025"
"","75","CV24230827MR","1543","INC","S","221  N Mountain AVE ","ONTARIO","9","12.00 (0 0 0 0)","38,925","$462.30","$17,995,000","$17,400,000","$0.00","55,321","2024","38","39","02/11/2025"
"","6","IV24194411MR","1543","INC","S","1016  W El Morado CT ","ONTARIO","6","4.00 (0 0 0 0)","2,652","$324.74","$861,200","$852,320","$0.00","8,778","1962","113","3","02/12/2025"
"","3","WS24231364MR","469","INC","S","806  W 4th ST ","POMONA","3","2.00 (2 0 0 0)","1,469","$425.46","$625,000","$610,000","$0.00","7,815","1890","20","","02/13/2025"
"","34","CV24214918MR","1543","INC","S","1027  W E ST ","ONTARIO","2","1.00 (0 0 0 0)","11,044","$253.53","$2,800,000","$2,715,000","$0.00","17,001","1961","82","12","02/28/2025"
"","49","IV24244990MR","1543","INC","S","620  E E ST ","ONTARIO","5","4.00 (0 0 0 0)","1,912","$439.28","$839,900","$825,000","$0.00","4,700","2021","81","2","03/05/2025"
"","5","PW24235785MR","1543","INC","S","201  W Belmont ST ","ONTARIO","5","2.00 (2 0 0 0)","2,039","$331.04","$675,000","$613,000","$0.00","14,400","1953","13","","03/06/2025"
"","","COMP25142254","487","INC","S","140  W 9TH ST ","CLAREMONT","5","2.00 (2 0 0 0)","1,938","$1,039.73","$2,015,000","$2,015,000","","7,609","1924","0","2","03/11/2025"
"","1","CV24218622MR","469","INC","S","11330   Wesley AVE ","POMONA","4","2.00 (2 0 0 0)","1,766","$430.35","$760,000","$760,000","$0.00","7,200","1965","21","","03/11/2025"
"","16","CV25001506MR","469","INC","S","505  E Columbia AVE ","POMONA","4","4.00 (0 0 0 0)","2,334","$415.55","$969,900","$969,900","$0.00","8,166","1939","36","4","03/14/2025"
"","68","CV24223489MR","1795","INC","S","636  W Veronica ST ","UPLAND","4","4.00 (0 0 0 0)","4,020","$298.51","$1,200,000","$1,200,000","$0.00","15,080","1975","109","3","03/14/2025"
"","","COMP25142511","487","INC","S","142  W 9TH ST ","CLAREMONT","9","8.00 (8 0 0 0)","4,737","$425.37","$2,015,000","$2,015,000","","12,083","1927","0","8","03/18/2025"
"","24","OC24249801MR","1795","INC","S","394  N 6th Ave ","UPLAND","6","3.00 (0 0 0 0)","2,250","$455.56","$1,025,000","$1,030,000","$0.00","7,872","1929","36","3","03/18/2025"
"","9","OC25015743MR","487","INC","S","333   Harrison AVE ","CLAREMONT","5","5.00 (0 0 0 0)","2,644","$605.14","$1,600,000","$1,575,000","$0.00","7,502","1952","23","4","03/18/2025"
"","44","DW25017138MR","469","INC","S","217   Palm PL ","POMONA","4","4.00 (0 0 0 0)","1,440","$479.17","$690,000","$690,000","","6,075","1948","5","4","03/26/2025"
"","51","DW25017163MR","469","INC","S","231   Palm PL ","POMONA","4","2.00 (0 0 0 0)","1,440","$479.17","$690,000","$700,000","","5,936","1948","5","4","03/28/2025"
"","12","25-478603","1543","INC","S","1260  W Rosewood Ct ","Ontario","8","8.00 (0 0 0 0)","3,552","$281.25","$999,000","$995,000","","7,986","","32","4","04/03/2025"
"","12","CV25045184MR","1543","INC","S","1222  W J ST ","ONTARIO","8","8.00 (0 0 0 0)","3,552","$295.61","$1,050,000","$1,100,000","$0.00","7,378","1962","17","4","04/03/2025"
"","37","DW25017062MR","469","INC","S","243   Palm PL ","POMONA","4","3.00 (0 0 0 0)","1,608","$413.56","$665,000","$603,000","","5,930","1949","12","3","04/03/2025"
"","11","CV25041408MR","1795","INC","S","1409   Springfield ST ","UPLAND","8","8.00 (0 0 0 0)","4,028","$347.57","$1,400,000","$1,350,000","","7,800","1965","4","4","04/04/2025"
"","9","PW24235510MR","1543","INC","S","5351 5361 W Maitland ST ","ONTARIO","12","6.00 (0 0 0 0)","1,800","$777.78","$1,400,000","$712,500","$0.00","14,846","1926","60","6","04/05/2025"
"","14","CV25041499MR","1795","INC","S","1413   Springfield ST ","UPLAND","8","8.00 (0 0 0 0)","4,028","$347.57","$1,400,000","$1,350,000","$0.00","7,800","1965","4","4","04/08/2025"
"","47","CV24187539MR","1455","INC","S","10151   VERNON AVE ","MONTCLAIR","7","5.00 (4 1 0 0)","2,500","$558","$1,395,000","$1,390,000","$0.00","8,308","2024","112","","04/10/2025"
"","47","CV24255148MR","1455","INC","S","10151   VERNON AVE ","MONTCLAIR","7","5.00 (0 0 0 0)","2,500","$558","$1,395,000","$1,390,000","$0.00","8,308","2024","86","2","04/10/2025"
"","25","CV25016672MR","469","INC","S","1585   Alameda ST ","POMONA",""," (0 0 0 0)","1,352","$487.43","$659,000","$659,000","","6,556","1937","38","2","04/10/2025"
"","25","CV25026236MR","1455","INC","S","10352   Marion AVE ","MONTCLAIR","5","2.00 (0 0 0 0)","1,918","$442.65","$849,000","$849,000","$0.00","8,050","1960","32","2","04/16/2025"
"","55","CV24065367MR","1543","INC","S","820  E Richland ST ","ONTARIO","14","7.00 (0 0 0 0)","3,432","$349.36","$1,199,000","$1,155,000","$0.00","9,079","1963","325","4","04/16/2025"
"","1","CV24215857MR","1795","INC","S","932  W Pine ST ","UPLAND","8","7.00 (5 0 2 0)","4,028","$337.36","$1,358,888","$1,350,000","$0.00","7,800","1966","151","","04/21/2025"
"","","COMP25143166","487","INC","S","145  W 7TH ST ","CLAREMONT","9","5.00 (5 0 0 0)","3,879","$425.37","$1,650,000","$1,650,000","","10,903","1939","0","4","04/22/2025"
"","12","CV25041542MR","1795","INC","S","1428   Springfield ST ","UPLAND","8","8.00 (0 0 0 0)","4,028","$347.57","$1,400,000","$1,370,000","","7,800","1965","18","4","04/24/2025"
"","5","WS24250740MR","469","INC","S","259  E Alvarado ST #2","POMONA","3","0.00 (0 0 0 0)","1,291","$463.98","$599,000","$610,000","","7,162","1954","29","2","05/01/2025"
"","46","TR25057159MR","469","INC","S","1030   Bradford ST ","POMONA","4","3.00 (0 0 0 0)","3,058","$392.41","$1,200,000","$1,200,000","","8,588","1927","5","3","05/01/2025"
"","27","CV25053872MR","487","INC","S","351  N Cambridge AVE ","CLAREMONT","3","3.00 (0 0 0 0)","1,679","$594.40","$998,000","$1,200,000","$0.00","10,643","1953","8","3","05/01/2025"
"","14","CV25057678MR","1627","INC","S","8179   Rancheria DR ","RANCHO CUCAMONGA","4","2.00 (0 0 0 0)","1,660","$439.16","$729,000","$730,000","$0.00","8,680","1957","13","2","05/07/2025"
"","38","CV24250799MR","1795","INC","S","995  E Washington BLVD ","UPLAND","5","3.00 (0 0 0 0)","2,190","$431.51","$945,000","$945,000","$0.00","7,162","1924","96","2","05/12/2025"
"","","COMP25143774","469","INC","S","394  N MOUNTAIN VIEW AVE ","POMONA","3","6.00 (6 0 0 0)","3,156","$192.33","$607,000","$607,000","","7,722","1895","0","6","05/14/2025"
"","","CV25108624MR","469","INC","S","914  N Palomares ST ","POMONA","3","3.00 (0 0 0 0)","2,204","$437.84","$965,000","$965,000","","4,418","1964","0","4","05/15/2025"
"","40","IG24127640MR","469","INC","S","903  N Eleanor ST ","POMONA","3","3.00 (0 0 0 0)","2,070","$338.16","$699,999","$670,000","","7,189","1967","152","3","05/15/2025"
"","31","SW25089815MR","1543","INC","S","1068   E J ST ","ONTARIO","4","3.00 (0 0 0 0)","1,859","$430.34","$800,000","$773,000","$0.00","7,000","1947","5","3","05/15/2025"
"","62","CV24244327MR","1627","INC","S","8649   Calle Del Prado  ","RANCHO CUCAMONGA","9","7.00 (0 0 0 0)","3,746","$368.39","$1,380,000","$1,300,000","$657.00","8,100","1976","99","4","05/16/2025"
"","1","BB25071470MR","1795","INC","S","596  N Palm AVE ","UPLAND","4","3.00 (0 0 0 0)","1,802","$455.05","$820,000","$805,000","$0.00","8,280","1965","9","2","05/22/2025"
"","8","IV25057152MR","1543","INC","S","3115   Jaguar WAY ","ONTARIO","10","8.00 (0 0 0 0)","3,950","$417.72","$1,650,000","$1,600,000","","12,322","1990","8","4","05/25/2025"
"","19","DW25038964MR","1795","INC","S","227   N Vallejo Way ","UPLAND","8","4.00 (0 0 0 0)","3,604","$353.77","$1,275,000","$1,200,000","$0.00","9,472","1963","57","4","06/02/2025"
"","","COMP25144243","487","INC","S","430   GRINNELL DR ","CLAREMONT","6","5.00 (5 0 0 0)","3,183","$392.71","$1,250,000","$1,250,000","","9,645","1952","0","5","06/10/2025"
"","8","CV25068859MR","1795","INC","S","510   Silverwood AVE ","UPLAND","4","8.00 (0 0 0 0)","3,449","$362.13","$1,249,000","$1,250,000","","7,776","1981","12","4","06/13/2025"
"","3","CV25030654MR","1543","INC","S","1120  E Elma ST ","ONTARIO","2","1.00 (0 0 0 0)","2,310","$350.65","$810,000","$770,000","","6,300","1955","119","3","06/13/2025"
"","7","CV25090782MR","1543","INC","S","308  N Begonia AVE ","ONTARIO","8","8.00 (0 0 0 0)","4,464","$246.42","$1,100,000","$1,040,000","$0.00","8,280","1964","5","4","06/16/2025"
"","28","DW24231905MR","469","INC","S","878  E Hawthorne PL ","POMONA","5","3.00 (0 0 0 0)","1,608","$428.48","$689,000","$675,000","","6,756","1948","117","2","06/18/2025"
"","20","24-421721","1543","INC","S","729  E F St ","Ontario","6","5.00 (0 0 0 0)","2,602","$288.24","$750,000","$750,000","","8,496","1925","28","3","06/19/2025"
"","26","PW25054646MR","1543","INC","S","1013  S Palm AVE ","ONTARIO","6","2.00 (0 0 0 0)","1,872","$507.48","$950,000","$850,000","$0.00","9,072","1950","19","2","06/26/2025"
"","50","CV25077130MR","1543","INC","S","417  N Grove AVE ","ONTARIO","3","2.00 (0 0 0 0)","2,674","$330.93","$884,900","$912,000","$0.00","7,040","1990","18","2","06/26/2025"
"","22","CV25116962MR","1795","INC","S","176  S 2nd AVE ","UPLAND","5","5.00 (0 0 0 0)","2,408","$443.52","$1,068,000","$1,068,000","$0.00","6,500","1951","6","4","06/27/2025"
"","31","LG24055376MR","1455","INC","S","5125   Bandera ST #A","MONTCLAIR","16","8.00 (0 0 0 0)","10,044","$423.13","$4,249,900","$3,920,000","","30,927","1963","351","12","07/02/2025"
"","45","SB25120857MR","1543","INC","S","226  W Maitland ST ","ONTARIO","4","3.00 (0 0 0 0)","1,451","$516.88","$750,000","$798,000","$0.00","9,143","1930","5","2","07/09/2025"
"","1","PW24255614MR","1543","INC","S","920  E Elma ST #A&B","ONTARIO","4","3.00 (0 0 0 0)","1,682","$415.58","$699,000","$500,000","$0.00","6,678","1941","98","2","07/10/2025"
"","15","CV25051990MR","1795","INC","S","1322   Randy St ","UPLAND","8","8.00 (0 0 0 0)","4,028","$372.14","$1,499,000","$1,450,000","$0.00","7,800","1964","73","4","07/12/2025"
"","49","CV25119144MR","1795","INC","S","294  W Buffington ST ","UPLAND","9","8.00 (0 0 0 0)","5,976","$305.39","$1,825,000","$1,750,000","$0.00","20,000","1976","17","2","07/12/2025"
"","1","CV25109154MR","469","INC","S","1320   Chelsa DR ","POMONA","4","3.00 (3 0 0 0)","2,189","$429.42","$940,000","$925,000","$0.00","7,612","1963","31","","07/14/2025"
"","1","CV25109408MR","469","INC","S","1320   Chelsa DR ","POMONA","1","1.00 (0 0 0 0)","2,189","$429.42","$940,000","$925,000","$0.00","7,612","1963","31","1","07/14/2025"
"","25","GD25036387IT","469","INC","S","1031  W 2nd ST ","POMONA","3","3.00 (0 0 0 0)","1,224","$530.56","$649,400","$640,000","","6,281","1928","93","3","07/16/2025"
"","1","AR25082791MR","469","INC","S","695  N Main ST ","POMONA","8","2.00 (0 0 0 0)","2,900","$341.38","$990,000","$960,000","","9,148","1903","63","1","07/17/2025"
"","34","CV25120287MR","1543","INC","S","226  E California ST ","ONTARIO","7","4.00 (0 0 0 0)","2,616","$349.77","$915,000","$960,000","$0.00","8,100","1961","17","3","07/18/2025"
"","48","IV25127541MR","1795","INC","S","550  N 1st AVE ","UPLAND","3","2.00 (0 0 0 0)","1,860","$470.43","$875,000","$830,000","$0.00","7,000","1931","10","2","07/21/2025"
"","41","TR25096864MR","469","INC","S","1412  S White AVE ","POMONA","9","3.00 (0 0 0 0)","2,400","$524.58","$1,259,000","$1,165,000","","10,154","1960","48","3","07/23/2025"
"","61","OC25107724MR","1543","INC","S","623  E Elm ST ","ONTARIO","5","4.00 (0 0 0 0)","1,951","$470.98","$918,888","$900,000","$0.00","5,675","1958","66","2","07/24/2025"
"","","COMP25145168","469","INC","S","531   LINCOLN AVE ","POMONA","3","2.00 (2 0 0 0)","1,773","$394.81","$700,000","$700,000","","7,234","1923","0","2","07/29/2025"
"","","COMP25145262","469","INC","S","1032  W 4TH ST ","POMONA","6","3.00 (3 0 0 0)","2,312","$375.43","$868,000","$868,000","","5,898","1931","0","3","07/29/2025"
"","","COMP25145386","469","INC","S","367  N ELEANOR ST ","POMONA","3","2.00 (2 0 0 0)","1,184","$548.99","$650,000","$650,000","","6,825","1930","0","2","07/29/2025"
"","","COMP25145436","469","INC","S","338  E KINGSLEY AVE ","POMONA","6","6.00 (6 0 0 0)","2,374","$421.23","$1,000,000","$1,000,000","","7,926","1948","0","6","07/29/2025"
"","26","DW25055788MR","1543","INC","S","857  N Vineyard AVE ","ONTARIO","9","5.00 (0 0 0 0)","3,822","$268.18","$1,025,000","$975,000","","6,222","1963","97","4","07/29/2025"
"","12","CV25041520MR","1795","INC","S","1424   Springfield ST ","UPLAND","8","8.00 (0 0 0 0)","4,028","$322.49","$1,299,000","$1,230,000","","7,800","1965","122","4","07/30/2025"
"","19","SW25081651MR","1795","INC","S","180  S 2nd AVE ","UPLAND","3","3.00 (0 0 0 0)","1,110","$620.72","$689,000","$625,000","","6,500","1948","92","3","08/03/2025"
"","54","CV25126606MR","1795","INC","S","416  N 3rd AVE ","UPLAND","8","6.00 (0 0 0 0)","2,036","$466.60","$950,000","$858,000","$0.00","12,192","1924","28","3","08/08/2025"
"","6","CV25081960MR","1795","INC","S","1233   Woodbury CT ","UPLAND","8","8.00 (0 0 0 0)","4,380","$308.22","$1,350,000","$1,025,000","$0.00","7,380","1964","62","4","08/11/2025"
"","6","CV25084066MR","1795","INC","S","1241   Woodbury CT ","UPLAND","8","8.00 (0 0 0 0)","4,028","$335.15","$1,350,000","$1,025,000","$0.00","7,560","1964","62","4","08/11/2025"
"","","COMP25145553","487","INC","S","250   OLIVE ST ","CLAREMONT","8","6.00 (6 0 0 0)","3,536","$353.51","$1,250,000","$1,250,000","","27,477","1947","0","6","08/12/2025"
"","9","AR25098465MR","1543","INC","S","409  E Belmont ST ","ONTARIO","2","1.00 (0 0 0 0)","1,548","$483.85","$749,000","$754,000","$0.00","6,200","1989","53","2","08/13/2025"
"","17","CV25045344MR","487","INC","S","705   Pomello DR ","CLAREMONT","5","3.00 (3 0 0 0)","2,279","$2,347.52","$5,350,000","$3,500,001","$0.00","123,263","1912","67","","08/14/2025"
"","32","IV25147778MR","469","INC","S","1160  E Pasadena ST ","POMONA","4","3.00 (3 0 0 0)","2,112","$331.39","$699,900","$716,000","$0.00","7,716","1954","7","","08/19/2025"
"","4","TR25151630MR","469","INC","S","246  E 12th ST ","POMONA","5","3.00 (0 0 0 0)","2,164","$341.04","$738,000","$755,000","","6,897","1962","9","2","08/22/2025"
"","30","SR25129363MR","1543","INC","S","1571  E Olive ST ","ONTARIO","5","3.00 (0 0 0 0)","1,994","$408.73","$815,000","$810,000","$0.00","7,314","1954","52","2","08/26/2025"
"","6","CV25158050MR","469","INC","S","622  S Hamilton BLVD ","POMONA","8","4.00 (0 0 0 0)","2,336","$384.42","$898,000","$950,000","$0.00","6,516","1949","14","3","08/28/2025"
"","29","SR25143547MR","1543","INC","S","1571  E Olive ST ","ONTARIO","5","3.00 (3 0 0 0)","1,994","$408.73","$815,000","$810,000","$0.00","7,314","1954","39","","08/30/2025"
"","23","CV25189776MR","487","INC","S","356  W 8th ST ","CLAREMONT","3","2.00 (2 0 0 0)","1,618","$757.11","$1,225,000","$1,225,000","$0.00","8,252","1925","3","","09/03/2025"
"","8","WS25103038MR","469","INC","S","4185  E Grand AVE #A-B","POMONA","4","2.00 (0 0 0 0)","1,766","$438.84","$775,000","$768,000","$0.00","7,150","1964","57","2","09/04/2025"
"","10","CV25107582MR","1795","INC","S","558  E 9th ST #B","UPLAND","4","3.00 (0 0 0 0)","2,057","$459.41","$945,000","$905,000","$0.00","9,750","1905","77","3","09/11/2025"
"","37","25569305","469","INC","S","970  E 9th St ","Pomona","9","4.00 (0 0 0 0)","3,060","$326.47","$999,000","$980,000","","14,405","1923","21","3","09/18/2025"
"","69","SR25190539MR","469","INC","S","779  E Columbia AVE ","POMONA","6","3.00 (0 0 0 0)","1,812","$413.91","$750,000","$790,000","","8,501","1949","5","3","09/18/2025"
"","20","WS25131211MR","1795","INC","S","285  N Vallejo WAY ","UPLAND","9","5.00 (0 0 0 0)","3,820","$365.18","$1,395,000","$1,215,000","$0.00","11,700","1963","78","4","09/20/2025"
"","4","CV25155576MR","487","INC","S","267   Olive ST ","CLAREMONT","4","2.00 (0 0 0 0)","1,664","$540.26","$899,000","$885,000","","9,830","1933","0","2","09/22/2025"
"","41","CV25136185MR","469","INC","S","215  E 11th ST ","POMONA","3","0.00 (0 0 0 0)","1,792","$501.67","$899,000","$800,000","$0.00","7,842","1920","20","4","09/24/2025"
