"Open Houses","Change Date","Change Type","Photo","MLS","AR","Type","S","Address","City","BR","Baths(FTHQ)","SqFt","LP $/SqFt","LP","SP","HOD","Lot Sz","YB","DOM"
"","05/01/2018","Leased","21","18-321558","1627","LSE","LD","8039   CITY VIEW PL ","RANCHO CUCAMONGA","3","4.00 (3 0 1 0)","1,769","$1.41","$2,500","$2,500","","2,000","2013","41"
"","11/26/2018","Leased","25","18-400604","469","LSE","LD","2860   CEDAR LN ","POMONA","3","4.00 (3 0 1 0)","1,750","$1.49","$2,600","$2,500","","31,021","2018","32"
"","02/05/2019","Leased","24","19-420180","1795","LSE","LD","851   PEBBLE BEACH DR ","UPLAND","2","2.00 (2 0 0 0)","1,390","$1.73","$2,400","$2,350","","1,909","1982","29"
"","04/24/2019","Leased","14","19-449794","1795","LSE","LD","864   PEBBLE BEACH DR ","UPLAND","3","2.00 (2 0 0 0)","1,575","$1.56","$2,450","$2,450","","2,128","1982","15"
"","07/28/2021","Leased","55","511061MR","1795","LSE","LD","756   Central AVE ","UPLAND","3","4.00 (3 0 1 0)","2,279","$1.18","$2,700","$2,550","","","2018","42"
"","04/09/2020","Leased","27","817003024PF","1627","LSE","LD","7344   Greenhaven AVE #U19","RANCHO CUCAMONGA","2","2.00 (2 0 0 0)","832","$1.98","$1,650","$1,650","","2,657","1990","54"
"","04/09/2020","Leased","23","818001521PF","469","LSE","LD","2410  N Towne AVE #25","POMONA","2","2.00 (2 0 0 0)","1,022","$1.66","$1,700","$1,700","","202,945","1987","0"
"","04/09/2020","Leased","25","818003775PF","1627","LSE","LD","8990   19th ST #310","RANCHO CUCAMONGA","2","2.00 (2 0 0 0)","925","$1.41","$1,300","$1,500","","1,000","1981","5"
"","04/05/2018","Leased","18","AR18016329MR","1627","LSE","LD","7319   Belpine PL #13","RANCHO CUCAMONGA","3","3.00 (2 0 1 0)","1,224","$1.47","$1,800","$1,800","","1,300","1989","23"
"","02/20/2018","Leased","13","AR18025587MR","1627","LSE","LD","8873   Bayberry DR ","RANCHO CUCAMONGA","2","3.00 (2 0 1 0)","1,232","$1.62","$2,000","$2,100","","2,000","1989","14"
"","03/07/2018","Leased","32","AR18033483MR","487","LSE","LD","825   Lancaster DR ","CLAREMONT","2","3.00 (2 0 1 0)","1,180","$1.61","$1,900","$1,900","$0.00","1,256","1984","5"
"","03/08/2018","Leased","20","AR18040930MR","1543","LSE","LD","924  N Turner AVE #21","ONTARIO","3","3.00 (2 0 1 0)","1,554","$1.42","$2,200","$2,200","","1,983","1991","15"
"","06/01/2018","Leased","25","AR18045031MR","1543","LSE","LD","1307  N Elderberry AVE ","ONTARIO","3","3.00 (2 0 1 0)","1,243","$1.53","$1,900","$1,900","","1,243","1978","91"
"","03/30/2018","Leased","15","AR18054023MR","469","LSE","LD","786   Banyan WAY ","POMONA","3","3.00 (2 0 1 0)","1,850","$1.35","$2,500","$2,350","","","2018","12"
"","04/10/2018","Leased","23","AR18061146MR","1795","LSE","LD","741   Sawyer PL ","UPLAND","3","4.00 (2 1 1 0)","1,832","$1.30","$2,390","$2,390","","2,000","2017","21"
"","04/13/2018","Leased","29","AR18072199MR","1627","LSE","LD","8544   San Gorgonio PL ","RANCHO CUCAMONGA","3","3.00 (2 0 1 0)","1,231","$1.46","$1,800","$1,800","","2,000","1987","10"
"","03/26/2019","Leased","15","AR18113744MR","469","LSE","LD","831   Sunburst WAY #13","POMONA","3","4.00 (3 0 1 0)","1,850","$1.46","$2,700","$2,700","","28,108","2016","18"
"","06/28/2018","Leased","30","AR18129400MR","1543","LSE","LD","2063  E Yale ST ","ONTARIO","3","3.00 (2 0 1 0)","1,281","$1.48","$1,900","$1,900","","1,281","1982","18"
"","06/30/2018","Leased","38","AR18136915MR","487","LSE","LD","787   Danville DR ","CLAREMONT","2","2.00 (2 0 0 0)","1,177","$1.66","$1,950","$1,950","","1,237","1985","20"
"","08/22/2018","Leased","21","AR18138263MR","1627","LSE","LD","11450   Church ST #122","RANCHO CUCAMONGA","3","3.00 (2 0 1 0)","1,549","$1.52","$2,350","$2,350","","1,549","2004","51"
"","08/04/2018","Leased","14","AR18138659MR","1627","LSE","LD","11450   Church ST #153","RANCHO CUCAMONGA","2","2.00 (2 0 0 0)","1,304","$1.57","$2,050","$2,050","","1,304","2004","27"
"","07/08/2018","Leased","15","AR18141150MR","1455","LSE","LD","9412   Shadowood DR #C","MONTCLAIR","2","2.00 (1 0 1 0)","1,152","$1.61","$1,850","$1,850","","1,369","1980","3"
"","07/02/2018","Leased","23","AR18143157MR","469","LSE","LD","2865   Cedar LN ","POMONA","3","4.00 (3 0 1 0)","1,750","$1.49","$2,600","$2,600","","","2018","16"
"","07/10/2018","Leased","22","AR18143681MR","469","LSE","LD","2863   Apple CT ","POMONA","3","3.00 (3 0 0 0)","1,850","$1.41","$2,600","$2,600","","31,021","2018","19"
"","07/17/2018","Leased","8","AR18153516MR","1627","LSE","LD","11241   Terra VIS ","RANCHO CUCAMONGA","2","2.00 (2 0 0 0)","829","$1.92","$1,595","$1,595","","3,572","1994","9"
"","07/14/2018","Leased","18","AR18158267MR","1627","LSE","LD","8692   9th ST #56","RANCHO CUCAMONGA","3","3.00 (2 0 1 0)","1,560","$1.38","$2,150","$2,150","","","2007","11"
"","08/09/2018","Leased","27","AR18158862MR","469","LSE","LD","176   Whitney AVE #4","POMONA","2","1.00 (1 0 0 0)","933","$1.55","$1,450","$1,450","","95,949","1980","40"
"","09/14/2018","Leased","28","AR18162396MR","1627","LSE","LD","8167   Vineyard AVE #54","RANCHO CUCAMONGA","2","3.00 (2 0 1 0)","1,086","$1.66","$1,800","$1,750","","1,086","1987","70"
"","08/14/2018","Leased","11","AR18184661MR","1543","LSE","LD","210  N Begonia AVE #D","ONTARIO","2","2.00 (1 0 0 1)","1,116","$1.33","$1,480","$1,480","$0.00","8,040","1964","13"
"","08/21/2018","Leased","18","AR18186148MR","469","LSE","LD","726   Banyan WAY ","POMONA","3","3.00 (2 0 1 0)","1,535","$1.56","$2,400","$2,400","","","2018","19"
"","09/10/2018","Leased","18","AR18193620MR","469","LSE","LD","720   Banyan WAY ","POMONA","3","3.00 (2 0 1 0)","1,530","$1.57","$2,400","$2,400","","","2018","30"
"","08/16/2018","Leased","23","AR18193788MR","469","LSE","LD","719   Banyan WAY ","POMONA","3","3.00 (3 0 0 0)","1,750","$1.43","$2,500","$2,500","","","2018","6"
"","10/12/2018","Leased","23","AR18211081MR","1627","LSE","LD","9468   Jack Rabbit DR #112","RANCHO CUCAMONGA","2","3.00 (2 0 1 0)","1,338","$1.64","$2,200","$2,200","","47,916,000","2006","38"
"","10/29/2018","Leased","18","AR18211758MR","1543","LSE","LD","758   Corvette DR #B","ONTARIO","2","2.00 (1 0 1 0)","925","$1.78","$1,650","$1,650","$0.00","9,756","1990","41"
"","11/03/2018","Leased","8","AR18215005MR","1627","LSE","LD","10151   Arrow Rte #112  #112","RANCHO CUCAMONGA","2","1.00 (1 0 0 0)","880","$1.88","$1,650","$1,650","","880","1986","58"
"","09/29/2018","Leased","18","AR18218915MR","469","LSE","LD","710   Banyan WAY ","POMONA","3","3.00 (2 0 1 0)","1,500","$1.53","$2,300","$2,300","","2,500","2018","20"
"","09/13/2018","Leased","19","AR18219474MR","469","LSE","LD","706   Banyan WAY ","POMONA","3","3.00 (2 0 1 0)","1,500","$1.53","$2,300","$2,300","","","2018","3"
"","10/19/2018","Leased","9","AR18241415MR","469","LSE","LD","1157  E Pasadena ST ","POMONA","2","1.00 (1 0 0 0)","600","$1.54","$925","$925","$0.00","10,931","1954","12"
"","10/23/2018","Leased","6","AR18246113MR","1627","LSE","LD","7375   STONEBROOK PL ","RANCHO CUCAMONGA","3","3.00 (2 0 1 0)","1,248","$1.76","$2,200","$2,200","","1,640","1994","14"
"","11/24/2018","Leased","10","AR18255205MR","1543","LSE","LD","956   Cone Flower LN ","ONTARIO","2","2.00 (2 0 0 0)","1,242","$1.37","$1,700","$1,700","","1,242","1980","35"
"","01/14/2019","Leased","17","AR18257412MR","1455","LSE","LD","9311   Shadowood DR #F","MONTCLAIR","2","2.00 (1 0 1 0)","1,065","$1.64","$1,750","$1,750","","1,062","1980","79"
"","11/16/2018","Leased","1","AR18270655MR","469","LSE","LD","1274  W Gordon AVE #1/2","POMONA","2","1.00 (1 0 0 0)","790","$1.65","$1,300","$1,300","$0.00","6,267","1962","6"
"","02/02/2019","Leased","23","AR18285776MR","478","LSE","LD","861   Orchid WAY #A","AZUSA","3","4.00 (2 0 2 0)","1,730","$1.62","$2,800","$2,800","","0","2018","48"
"","02/12/2019","Leased","20","AR18286229MR","469","LSE","LD","711   Bella WAY ","POMONA","3","4.00 (4 0 0 0)","1,850","$1.30","$2,400","$2,400","","","2018","36"
"","01/11/2019","Leased","20","AR18298033MR","1627","LSE","LD","7301   Belpine PL #6","RANCHO CUCAMONGA","3","3.00 (2 0 1 0)","1,354","$1.66","$2,250","$2,250","","1,400","1989","10"
"","03/08/2019","Leased","15","AR19006086MR","1543","LSE","LD","1006  N Turner AVE #268","ONTARIO","3","3.00 (2 0 1 0)","1,435","$1.46","$2,100","$2,100","","1,435","1997","52"
"","01/31/2019","Leased","7","AR19011476MR","469","LSE","LD","154   whitney  #3","POMONA","2","2.00 (1 0 1 0)","908","$1.71","$1,550","$1,550","","2,000","1980","14"
"","02/21/2019","Leased","35","AR19024715MR","487","LSE","LD","605  W 1st ST ","CLAREMONT","3","3.00 (2 0 1 0)","1,450","$2.03","$2,950","$2,950","$310.00","49,352","2006","14"
"","03/26/2019","Leased","16","AR19026562MR","1795","LSE","LD","741   Sawyer PL ","UPLAND","3","4.00 (2 1 1 0)","1,832","$1.28","$2,350","$2,350","","2,000","2017","49"
"","02/26/2019","Leased","19","AR19027505MR","469","LSE","LD","2753   Fina ST ","POMONA","4","4.00 (4 0 0 0)","2,100","$1.29","$2,700","$2,650","","23,955","2017","12"
"","04/05/2019","Leased","18","AR19041083MR","469","LSE","LD","720   Banyan WAY ","POMONA","3","3.00 (2 0 1 0)","1,530","$1.50","$2,300","$2,300","","","2018","42"
"","03/30/2019","Leased","17","AR19063659MR","1543","LSE","LD","1945  E Olive ST ","ONTARIO","3","2.00 (2 0 0 0)","1,227","$1.55","$1,900","$1,900","","1,227","1984","8"
"","05/15/2019","Leased","27","AR19089287MR","1627","LSE","LD","10578   Wells DR ","RANCHO CUCAMONGA","4","3.00 (3 0 0 0)","1,530","$1.63","$2,500","$2,450","","1,000","2019","26"
"","01/17/2018","Leased","15","CV17239214MR","1543","LSE","LD","1022  N Euclid AVE #C","ONTARIO","1","1.00 (1 0 0 0)","1,200","$1.00","$1,195","$1,200","$0.00","","1924","91"
"","03/23/2018","Leased","12","CV17243841MR","469","LSE","LD","844   Seville LN ","POMONA","2","3.00 (3 0 0 0)","1,070","$2.13","$2,275","$1,950","","0","2017","137"
"","01/22/2018","Leased","15","CV17243920MR","469","LSE","LD","2754   Crimson  ","POMONA","2","3.00 (2 0 1 0)","1,070","$1.82","$1,950","$1,950","","0","2017","85"
"","01/09/2018","Leased","17","CV17243953MR","469","LSE","LD","2783   Fina ST ","POMONA","3","4.00 (4 0 0 0)","1,940","$1.29","$2,495","$2,495","","","2017","76"
"","02/21/2018","Leased","12","CV17243997MR","469","LSE","LD","2791   Crimson WAY ","POMONA","2","3.00 (2 0 1 0)","1,070","$2.13","$2,275","$1,950","","","2017","119"
"","01/21/2018","Leased","7","CV17251874MR","1627","LSE","LD","8990   19th ST #448","RANCHO CUCAMONGA","2","2.00 (2 0 0 0)","925","$1.57","$1,450","$1,450","$0.00","1,000","1981","72"
"","02/01/2018","Leased","25","CV17265684MR","1795","LSE","LD","1388   Augusta DR ","UPLAND","3","3.00 (2 0 1 0)","1,993","$1.50","$2,995","$2,995","","1,000","1995","18"
"","02/12/2018","Leased","3","CV17266435MR","1795","LSE","LD","1526   Milan CT ","UPLAND","3","3.00 (2 0 1 0)","1,626","$1.35","$2,200","$2,100","","1,238","2011","74"
"","01/16/2018","Leased","15","CV17266513MR","1627","LSE","LD","8730   Pine Crest PL ","RANCHO CUCAMONGA","2","2.00 (1 0 1 0)","1,027","$1.58","$1,625","$1,625","$0.00","1,027","1984","46"
"","01/13/2018","Leased","12","CV17270526MR","1627","LSE","LD","9779   Louise WAY ","RANCHO CUCAMONGA","3","3.00 (2 0 1 0)","1,380","$1.56","$2,150","$2,000","","2,178","1984","19"
"","01/08/2018","Leased","13","CV17272801MR","487","LSE","LD","537  S College AVE ","CLAREMONT","2","2.00 (2 0 0 0)","1,175","$1.66","$1,945","$1,945","","1,946","1983","28"
"","02/01/2018","Leased","25","CV17274965MR","1455","LSE","LD","4956   Arrow  #G","MONTCLAIR","2","3.00 (2 0 1 0)","1,410","$1.49","$2,100","$2,100","","1,100","2017","17"
"","03/06/2018","Leased","5","CV17274990MR","1627","LSE","LD","9356   19th ST #J","RANCHO CUCAMONGA","3","3.00 (2 0 1 0)","1,235","$1.53","$1,895","$1,895","$0.00","2,000","1988","65"
"","02/05/2018","Leased","6","CV17275557MR","1795","LSE","LD","1486   Florence CT ","UPLAND","3","3.00 (2 0 1 0)","1,670","$1.29","$2,150","$2,150","","1,150","2008","48"
"","01/11/2018","Leased","10","CV17276492MR","1627","LSE","LD","8439   Sunset Trail PL #H","RANCHO CUCAMONGA","2","2.00 (2 0 0 0)","1,010","$1.71","$1,725","$1,725","","1,010","1987","13"
"","03/23/2018","Leased","17","CV17277192MR","1543","LSE","LD","1039  W Francis ST #A","ONTARIO","2","1.00 (1 0 0 0)","924","$1.73","$1,600","$1,600","","938","1983","31"
"","04/03/2018","Leased","6","CV17278157MR","1455","LSE","LD","8861   ASH  ","MONTCLAIR","2","3.00 (2 0 0 1)","1,410","$1.63","$2,295","$2,295","","","2017","39"
"","04/13/2018","Leased","14","CV17278428MR","1795","LSE","LD","120  N 13th AVE #C","UPLAND","2","2.00 (1 0 1 0)","1,200","$1.08","$1,300","$1,300","$0.00","16,335","1986","83"
"","01/31/2018","Leased","7","CV17279435MR","1543","LSE","LD","2131   Magnolia AVE #109","ONTARIO","2","2.00 (1 0 1 0)","1,060","$1.42","$1,500","$1,500","","1,060","1979","13"
"","01/08/2018","Leased","10","CV17280759MR","1543","LSE","LD","1551  N Hope AVE #C","ONTARIO","2","1.00 (1 0 0 0)","900","$1.28","$1,150","$1,150","$0.00","7,400","1963","10"
"","02/11/2018","Leased","10","CV18003964MR","1543","LSE","LD","408  N Imperial AVE ","ONTARIO","3","3.00 (3 0 0 0)","1,238","$1.45","$1,800","$1,800","","2,000","1985","22"
"","01/13/2018","Leased","6","CV18004549MR","1795","LSE","LD","550   Silverwood AVE #D","UPLAND","1","1.00 (1 0 0 0)","690","$1.73","$1,195","$1,195","$0.00","450","1969","3"
"","01/29/2018","Leased","17","CV18005353MR","487","LSE","LD","889  N Connors CT ","CLAREMONT","3","3.00 (3 0 0 0)","1,838","$1.25","$2,300","$2,300","","79,420","1987","21"
"","02/12/2018","Leased","40","CV18006391MR","1627","LSE","LD","10151   Arrow  #127","RANCHO CUCAMONGA","1","1.00 (1 0 0 0)","708","$1.77","$1,250","$1,250","","708","1986","27"
"","03/18/2018","Leased","24","CV18007052MR","487","LSE","LD","610   Mckenna ST ","CLAREMONT","3","3.00 (2 0 1 0)","1,470","$1.87","$2,750","$2,750","$0.00","49,352","2006","67"
"","02/21/2018","Leased","4","CV18010382MR","1627","LSE","LD","9468   Jack Rabbit DR #103","RANCHO CUCAMONGA","3","2.00 (2 0 0 0)","1,357","$1.47","$2,000","$2,100","","","2006","33"
"","02/28/2018","Leased","30","CV18011412MR","1627","LSE","LD","6936   Doheny PL #C","RANCHO CUCAMONGA","2","2.00 (1 1 0 0)","1,104","$1.68","$1,850","$1,850","$235.00","1,500","1985","43"
"","01/23/2018","Leased","5","CV18012071MR","1627","LSE","LD","10375   Church ST #68","RANCHO CUCAMONGA","2","2.00 (2 0 0 0)","1,069","$1.73","$1,850","$1,850","$0.00","2,000","2008","5"
"","01/22/2018","Leased","15","CV18012598MR","1543","LSE","LD","511  N Orange Privado  ","ONTARIO","3","3.00 (2 0 1 0)","1,900","$0.95","$1,800","$1,800","","1,573","2005","5"
"","04/13/2018","Leased","1","CV18015738MR","1543","LSE","LD","1006  N Turner AVE #270","ONTARIO","2","2.00 (2 0 0 0)","1,298","$1.50","$1,950","$1,950","","1,298","1997","53"
"","03/27/2018","Leased","8","CV18017327MR","1543","LSE","LD","1233  W 4th ST ","ONTARIO","2","2.00 (2 0 0 0)","1,078","$1.18","$1,275","$1,275","$0.00","3,552","1968","63"
"","02/01/2018","Leased","25","CV18019217MR","1795","LSE","LD","1532   Spyglass DR ","UPLAND","3","2.00 (2 0 0 0)","1,637","$1.44","$2,350","$2,350","","6,534","1998","5"
"","06/11/2018","Leased","43","CV18019720MR","1543","LSE","LD","1672  E Harvard PL ","ONTARIO","3","3.00 (2 0 1 0)","1,475","$1.36","$2,000","$2,400","","2,000","2017","136"
"","03/08/2018","Leased","13","CV18022416MR","478","LSE","LD","878  W 13th ST #4","AZUSA","2","1.00 (1 0 0 0)","794","$2.05","$1,625","$1,625","","30,030","1979","22"
"","02/12/2018","Leased","5","CV18022728MR","487","LSE","LD","101   Principia CT ","CLAREMONT","3","3.00 (2 0 1 0)","1,674","$1.85","$3,100","$3,000","","14,799","2004","10"
"","03/29/2018","Leased","11","CV18024462MR","1795","LSE","LD","687   Wedgewood AVE #D","UPLAND","2","2.00 (1 0 1 0)","1,000","$1.40","$1,395","$1,395","$0.00","1,000","1967","56"
"","02/20/2018","Leased","20","CV18027091MR","1627","LSE","LD","6941   LAGUNA PL #D","RANCHO CUCAMONGA","2","3.00 (2 0 1 0)","1,110","$1.62","$1,800","$1,800","","1,500","1985","15"
"","03/01/2018","Leased","5","CV18030053MR","1543","LSE","LD","2842  E Via Fiano  ","ONTARIO","3","3.00 (2 0 1 0)","1,580","$1.30","$2,050","$2,050","","976","2016","22"
"","03/09/2018","Leased","1","CV18032282MR","1543","LSE","LD","891   Carlton Privado  ","ONTARIO","2","3.00 (2 0 1 0)","1,129","$1.51","$1,700","$1,800","$0.00","1,129","1987","22"
"","02/13/2018","Leased","2","CV18034361MR","469","LSE","LD","960  E Bonita AVE #20","POMONA","1","1.00 (1 0 0 0)","680","$1.91","$1,300","$1,300","","354,884","1979","0"
"","04/09/2018","Leased","31","CV18034801MR","1627","LSE","LD","10375   Church ST #112","RANCHO CUCAMONGA","3","3.00 (2 0 1 0)","1,692","$1.48","$2,500","$2,700","$0.00","2,000","2008","30"
"","03/08/2018","Leased","9","CV18035294MR","1795","LSE","LD","888  N Palm AVE #9","UPLAND","2","2.00 (1 0 1 0)","900","$1.44","$1,300","$1,300","$0.00","22,446","1962","19"
"","02/21/2018","Leased","16","CV18036186MR","1543","LSE","LD","2886  E E Via Fiano  ","ONTARIO","3","3.00 (2 0 1 0)","1,462","$1.44","$2,100","$2,100","","1,462","2016","6"
"","03/28/2018","Leased","4","CV18036466MR","1795","LSE","LD","587   Silverwood AVE #I","UPLAND","2","2.00 (1 0 1 0)","700","$1.89","$1,325","$1,325","$0.00","700","1969","40"
"","04/04/2018","Leased","8","CV18036486MR","1795","LSE","LD","625   Silverwood AVE #B","UPLAND","2","2.00 (1 0 1 0)","4,158","$0.36","$1,495","$1,495","$0.00","8,184","1963","48"
"","05/24/2018","Leased","21","CV18038390MR","1455","LSE","LD","8861   Ash Unit B  #B","MONTCLAIR","2","3.00 (3 0 0 0)","1,188","$1.81","$2,150","$1,995","","1,100","2018","30"
"","06/11/2018","Leased","35","CV18040166MR","1543","LSE","LD","1672  E Harvard PL ","ONTARIO","4","4.00 (3 0 1 0)","1,964","$1.22","$2,400","$2,000","","2,000","2017","111"
"","03/06/2018","Leased","24","CV18040291MR","1455","LSE","LD","9842   Steamboat DR ","MONTCLAIR","3","2.00 (2 0 0 0)","1,434","$1.38","$1,975","$1,975","","5,000","1981","11"
"","03/09/2018","Leased","3","CV18041510MR","1543","LSE","LD","1031  S Palmetto AVE #10","ONTARIO","2","2.00 (2 0 0 0)","949","$1.79","$1,695","$1,695","$315.00","1,100","1981","8"
"","04/11/2018","Leased","11","CV18043052MR","487","LSE","LD","143   Marywood AVE ","CLAREMONT","3","2.00 (2 0 0 0)","1,508","$1.49","$2,250","$2,250","","2,184","1964","46"
"","04/11/2018","Leased","33","CV18043142MR","487","LSE","LD","877   Connors CT ","CLAREMONT","3","3.00 (3 0 0 0)","1,838","$1.41","$2,600","$2,600","","79,420","1987","6"
"","04/09/2018","Leased","16","CV18045036MR","469","LSE","LD","960  E Bonita AVE #12","POMONA","1","1.00 (1 0 0 0)","535","$2.52","$1,350","$1,350","","354,884","1979","38"
"","03/21/2018","Leased","16","CV18046067MR","487","LSE","LD","1660   Albany CT ","CLAREMONT","2","3.00 (3 0 0 0)","1,649","$1.64","$2,700","$2,650","","2,205","1981","21"
"","06/12/2018","Leased","14","CV18049177MR","469","LSE","LD","101  W Mission BLVD #325","POMONA","1","2.00 (1 0 1 0)","843","$1.75","$1,475","$1,475","","11,339","2003","102"
"","05/22/2018","Leased","10","CV18049663MR","1543","LSE","LD","115   4th ST #B","ONTARIO","2","1.00 (1 0 0 0)","800","$1.99","$1,595","$1,595","$0.00","","1925","80"
"","04/05/2018","Leased","10","CV18049665MR","1543","LSE","LD","501  W G ST ","ONTARIO","1","1.00 (1 0 0 0)","600","$1.92","$1,150","$1,150","$0.00","40,050","1952","33"
"","03/27/2018","Leased","11","CV18049666MR","1543","LSE","LD","1712  E G ST ","ONTARIO","2","2.00 (1 0 1 0)","1,200","$1.33","$1,595","$1,595","$0.00","1,200","1981","23"
"","03/16/2018","Leased","15","CV18050899MR","1795","LSE","LD","1265   Southwood LN ","UPLAND","2","2.00 (2 0 0 0)","1,193","$1.38","$1,650","$1,650","","1,200","1978","4"
"","03/20/2018","Leased","12","CV18051473MR","1543","LSE","LD","1200  S San Antonio AVE ","ONTARIO","2","3.00 (2 0 1 0)","900","$1.50","$1,350","$1,425","$0.00","51,401","1986","15"
"","03/23/2018","Leased","17","CV18054118MR","1543","LSE","LD","514  N Imperial AVE #F","ONTARIO","2","2.00 (1 0 1 0)","841","$1.61","$1,350","$1,350","","","1985","3"
"","03/19/2018","Leased","20","CV18056473MR","487","LSE","LD","640   Sycamore AVE ","CLAREMONT","2","2.00 (2 0 0 0)","1,112","$1.89","$2,100","$2,100","","145,117","1982","7"
"","03/24/2018","Leased","8","CV18060816MR","487","LSE","LD","609  W 1st ST ","CLAREMONT","3","3.00 (3 0 0 0)","1,470","$1.94","$2,850","$2,850","","49,352","2006","7"
"","03/26/2019","Leased","14","CV18061267MR","1455","LSE","LD","8861   Ash AVE #H","MONTCLAIR","2","3.00 (2 0 1 0)","1,413","$1.41","$1,995","$1,995","","","2018","83"
"","05/23/2018","Leased","18","CV18062902MR","1455","LSE","LD","8861   Ash  #B","MONTCLAIR","2","3.00 (3 0 0 0)","1,188","$1.68","$1,995","$1,995","","1,100","2018","58"
"","04/29/2018","Leased","17","CV18065533MR","1543","LSE","LD","936  N TURNER Ave #53","ONTARIO","3","3.00 (2 0 1 0)","1,721","$1.22","$2,100","$2,100","","2,145","1991","38"
"","05/07/2018","Leased","15","CV18068284MR","1543","LSE","LD","1141  W Princeton ST #B","ONTARIO","2","3.00 (2 0 1 0)","1,120","$1.56","$1,750","$1,750","$325.00","1,120","1978","39"
"","04/06/2018","Leased","11","CV18071164MR","1543","LSE","LD","513  N Orange Privado  ","ONTARIO","4","3.00 (3 0 0 0)","2,116","$1.04","$2,195","$2,195","","1,573","2005","9"
"","04/18/2018","Leased","19","CV18072737MR","1543","LSE","LD","1008  N Turner AVE #261","ONTARIO","3","3.00 (2 0 1 0)","1,543","$1.30","$2,000","$2,025","","1,435","1997","14"
"","05/16/2018","Leased","11","CV18075120MR","1627","LSE","LD","9818   Ladera CT ","RANCHO CUCAMONGA","3","3.00 (2 0 1 0)","1,288","$1.67","$2,150","$2,150","","2,000","1984","37"
"","04/23/2018","Leased","13","CV18077476MR","1627","LSE","LD","8323   Vineyard AVE #7","RANCHO CUCAMONGA","2","2.00 (2 0 0 0)","866","$1.78","$1,545","$1,545","","880","1988","15"
"","05/01/2018","Leased","30","CV18081137MR","1627","LSE","LD","10376   Sparkling DR #1","RANCHO CUCAMONGA","3","3.00 (2 0 1 0)","1,815","$1.43","$2,600","$2,500","","1,150","2007","13"
"","04/23/2018","Leased","10","CV18081398MR","1627","LSE","LD","8536   Baldy Vista DR ","RANCHO CUCAMONGA","2","1.00 (1 0 0 0)","785","$1.90","$1,495","$1,495","","2,000","1986","10"
"","05/17/2018","Leased","20","CV18082101MR","1627","LSE","LD","11248   Terra Vista PKY #83","RANCHO CUCAMONGA","2","3.00 (3 0 0 0)","1,257","$1.63","$2,050","$2,050","","1,300","1989","37"
"","04/21/2018","Leased","8","CV18084635MR","487","LSE","LD","507   Wayland CT ","CLAREMONT","2","2.00 (1 1 0 0)","1,150","$1.57","$1,800","$1,800","","2,128","1981","2"
"","04/20/2018","Leased","17","CV18084753MR","1627","LSE","LD","7344   Greenhaven AVE #23","RANCHO CUCAMONGA","3","3.00 (3 0 0 0)","1,403","$1.35","$1,900","$1,900","$165.00","2,657","1990","3"
"","05/01/2018","Leased","16","CV18088109MR","1795","LSE","LD","1041  E 9th ST ","UPLAND","1","1.00 (1 0 0 0)","600","$2.67","$1,600","$1,600","$0.00","2,000","1900","18"
"","04/29/2018","Leased","43","CV18089983MR","1627","LSE","LD","10151   Arrow  #81","RANCHO CUCAMONGA","1","1.00 (1 0 0 0)","708","$1.84","$1,300","$1,300","","708","1986","7"
"","05/04/2018","Leased","6","CV18090791MR","1455","LSE","LD","9345   MILLS AVE ","MONTCLAIR","2","1.00 (1 0 0 0)","898","$1.22","$1,100","$1,100","","3,592","1962","8"
"","04/19/2018","Leased","","CV18090932MR","1627","LSE","LD","10151   Arrow  #58","RANCHO CUCAMONGA","2","2.00 (2 0 0 0)","973","$1.75","$1,700","$1,700","","973","1986","0"
"","05/03/2018","Leased","23","CV18091477MR","1543","LSE","LD","861   California Privado  ","ONTARIO","3","3.00 (2 0 1 0)","1,201","$1.37","$1,650","$1,650","","1,201","1985","3"
"","04/24/2018","Leased","16","CV18092448MR","1543","LSE","LD","1706  E G ST #B","ONTARIO","2","2.00 (1 0 1 0)","1,200","$1.38","$1,650","$1,695","$0.00","1,200","1981","3"
"","05/10/2018","Leased","13","CV18093204MR","487","LSE","LD","117   Principia CT ","CLAREMONT","3","3.00 (2 0 1 0)","1,450","$1.93","$2,800","$2,800","","14,799","2004","9"
"","05/28/2018","Leased","11","CV18094813MR","1627","LSE","LD","11186   Terra Vista PKY #114","RANCHO CUCAMONGA","3","3.00 (3 0 0 0)","1,257","$1.59","$2,000","$2,000","","1,300","1989","3"
"","05/17/2018","Leased","17","CV18096766MR","469","LSE","LD","960  E Bonita AVE #108","POMONA","1","1.00 (1 0 0 0)","535","$2.52","$1,350","$1,350","","354,884","1979","11"
"","05/02/2018","Leased","14","CV18096800MR","1543","LSE","LD","1228  W J ST #B","ONTARIO","2","2.00 (1 1 0 0)","900","$1.39","$1,250","$1,250","$0.00","7,378","1962","7"
"","07/02/2018","Leased","1","CV18099347MR","487","LSE","LD","757  W 1st ST ","CLAREMONT","3","3.00 (2 0 1 0)","1,450","$2.14","$3,100","$3,100","","32,006","2004","3"
"","05/17/2018","Leased","6","CV18100459MR","1627","LSE","LD","8547   Sandstone PL ","RANCHO CUCAMONGA","3","3.00 (2 0 1 0)","1,231","$1.58","$1,950","$1,950","$0.00","2,000","1986","10"
"","05/10/2018","Leased","31","CV18100463MR","1543","LSE","LD","1720  S Mountain AVE #A","ONTARIO","3","3.00 (2 0 1 0)","1,386","$1.44","$2,000","$2,000","","1,386","1985","7"
"","05/10/2018","Leased","34","CV18100841MR","1627","LSE","LD","7395   Stonebrook PL ","RANCHO CUCAMONGA","3","3.00 (2 0 1 0)","1,248","$1.64","$2,050","$2,050","$220.00","1,640","1994","2"
"","06/02/2018","Leased","12","CV18101115MR","1795","LSE","LD","888  N Palm AVE #6","UPLAND","3","2.00 (1 0 1 0)","1,100","$1.36","$1,500","$1,500","$0.00","22,446","1962","15"
"","05/30/2018","Leased","13","CV18104742MR","1795","LSE","LD","1500   Amsterdam CT #2","UPLAND","3","3.00 (2 0 1 0)","1,504","$1.52","$2,280","$2,280","$0.00","1,029","2009","25"
"","07/02/2018","Leased","21","CV18106729MR","1795","LSE","LD","1070   Pebble Beach DR ","UPLAND","3","2.00 (2 0 0 0)","1,776","$1.35","$2,400","$2,400","$0.00","2,305","1982","45"
"","05/17/2018","Leased","13","CV18107200MR","1627","LSE","LD","8380   Sunset Trail PL #D","RANCHO CUCAMONGA","2","3.00 (3 0 0 0)","1,110","$1.67","$1,850","$1,850","","1,110","1987","10"
"","06/29/2018","Leased","16","CV18107828MR","1795","LSE","LD","1486   Redhill North DR ","UPLAND","2","2.00 (2 0 0 0)","1,400","$1.57","$2,200","$2,200","$400.00","","1977","50"
"","07/26/2018","Leased","11","CV18113985MR","1455","LSE","LD","9362   Shadowood DR #A","MONTCLAIR","3","3.00 (2 0 1 0)","1,388","$1.44","$2,000","$2,000","","1,369","1980","69"
"","05/23/2018","Leased","22","CV18116252MR","487","LSE","LD","617   Mckenna ST ","CLAREMONT","3","4.00 (1 2 1 0)","1,430","$2.09","$2,995","$3,000","","0","2007","5"
"","06/08/2018","Leased","10","CV18117945MR","1795","LSE","LD","120  N 13th AVE #H","UPLAND","2","2.00 (1 0 1 0)","1,200","$1.13","$1,350","$1,350","$0.00","16,335","1986","5"
"","07/05/2018","Leased","7","CV18119664MR","469","LSE","LD","572   San Francisco AVE #A","POMONA","2","1.00 (1 0 0 0)","850","$1.35","$1,150","$1,150","$0.00","13,386","1971","32"
"","08/08/2018","Leased","18","CV18120408MR","1627","LSE","LD","8301   Vineyard AVE #7","RANCHO CUCAMONGA","2","2.00 (2 0 0 0)","882","$1.81","$1,600","$1,600","","900","1988","24"
"","05/31/2018","Leased","20","CV18121411MR","1627","LSE","LD","7353   Ellena  #87","RANCHO CUCAMONGA","2","2.00 (2 0 0 0)","1,304","$1.50","$1,950","$1,950","","1,304","2003","7"
"","06/08/2018","Leased","14","CV18122099MR","1795","LSE","LD","381   Corte Rojo  ","UPLAND","2","3.00 (2 0 1 0)","1,522","$1.25","$1,900","$1,900","","1,522","1982","13"
"","05/29/2018","Leased","15","CV18122600MR","1627","LSE","LD","8990   19th ST #353","RANCHO CUCAMONGA","2","1.00 (1 0 0 0)","823","$2.06","$1,695","$1,695","","975","1981","5"
"","06/09/2018","Leased","19","CV18125413MR","487","LSE","LD","706  W 1st ST ","CLAREMONT","3","3.00 (3 0 0 0)","1,658","$1.75","$2,895","$2,895","","27,054","2004","10"
"","07/18/2018","Leased","8","CV18132753MR","1543","LSE","LD","1200  S San Antonio AVE #9","ONTARIO","2","2.00 (2 0 0 0)","872","$1.63","$1,425","$1,425","$0.00","51,401","1986","37"
"","07/17/2018","Leased","43","CV18134186MR","1627","LSE","LD","8463   Sunset Trail PL #C","RANCHO CUCAMONGA","2","3.00 (2 0 1 0)","1,110","$1.58","$1,750","$1,750","","1,110","1987","19"
"","07/11/2018","Leased","4","CV18135360MR","487","LSE","LD","109   Cornell AVE ","CLAREMONT","3","3.00 (1 2 0 0)","1,580","$1.87","$2,950","$2,950","","435","2006","26"
"","07/07/2018","Leased","16","CV18140509MR","1627","LSE","LD","8248   Inglenook PL ","RANCHO CUCAMONGA","2","3.00 (2 0 1 0)","984","$1.83","$1,800","$1,800","","984","1989","17"
"","06/28/2018","Leased","10","CV18144406MR","1122","LSE","LD","11879   Ottawa PL #162","CHINO","2","3.00 (2 0 1 0)","1,336","$1.38","$1,850","$1,850","","1,336","1986","13"
"","06/23/2018","Leased","12","CV18144732MR","1627","LSE","LD","10151   Arrow  #75","RANCHO CUCAMONGA","1","1.00 (1 0 0 0)","708","$1.91","$1,350","$1,350","","708","1986","6"
"","08/04/2018","Leased","20","CV18145941MR","487","LSE","LD","149   Oberlin AVE ","CLAREMONT","2","2.00 (1 0 1 0)","8,958","$0.25","$2,250","$2,250","$0.00","17,347","1992","21"
"","06/27/2018","Leased","16","CV18151960MR","487","LSE","LD","310  W 7th ST ","CLAREMONT","3","3.00 (3 0 0 0)","1,572","$2.23","$3,500","$3,500","","1,013","1977","2"
"","07/20/2018","Leased","20","CV18153538MR","1543","LSE","LD","968  N Turner AVE #87","ONTARIO","3","3.00 (2 0 1 0)","1,554","$1.29","$2,000","$2,000","","1,554","1994","14"
"","08/21/2018","Leased","28","CV18155042MR","1627","LSE","LD","11257   Terra Vista PKWY #E","RANCHO CUCAMONGA","2","2.00 (2 0 0 0)","1,012","$1.93","$1,950","$1,950","$260.00","","1994","54"
"","07/05/2018","Leased","15","CV18155749MR","1543","LSE","LD","304  N Placer Privado  ","ONTARIO","4","3.00 (3 0 0 0)","2,118","$1.06","$2,250","$2,250","","1,573","2005","2"
"","07/27/2018","Leased","33","CV18156277MR","487","LSE","LD","651  S College AVE #47","CLAREMONT","4","3.00 (3 0 0 0)","1,343","$1.71","$2,300","$2,300","","206,455","1981","14"
"","08/16/2018","Leased","38","CV18158651MR","1627","LSE","LD","7274   Hermosa AVE ","RANCHO CUCAMONGA","2","3.00 (2 0 1 0)","1,218","$1.56","$1,900","$1,900","","1,500","1985","44"
"","10/03/2018","Leased","22","CV18159496MR","487","LSE","LD","99   Cornell AVE ","CLAREMONT","3","3.00 (3 0 0 0)","1,658","$1.81","$3,000","$36,000","","26,089","2004","49"
"","08/03/2018","Leased","10","CV18159769MR","1455","LSE","LD","5154   Canoga ST ","MONTCLAIR","2","1.00 (1 0 0 0)","780","$1.67","$1,300","$1,300","$0.00","7,590","1958","20"
"","08/01/2018","Leased","1","CV18161344MR","469","LSE","LD","960  E Bonita AVE #56","POMONA","1","1.00 (1 0 0 0)","680","$2.06","$1,400","$1,400","","354,884","1979","18"
"","08/01/2018","Leased","16","CV18161777MR","487","LSE","LD","860  E Baseline RD ","CLAREMONT","3","3.00 (3 0 0 0)","1,510","$1.64","$2,475","$2,475","$234.00","6,166","2014","16"
"","08/03/2018","Leased","15","CV18162105MR","1543","LSE","LD","1309  W Mission BLVD #U-65","ONTARIO","3","2.00 (2 0 0 0)","949","$1.71","$1,625","$1,625","","949","1988","12"
"","08/07/2018","Leased","7","CV18164027MR","1543","LSE","LD","301  W C ST #3","ONTARIO","1","1.00 (1 0 0 0)","625","$1.52","$950","$950","$0.00","8,554","1916","9"
"","07/31/2018","Leased","18","CV18164875MR","469","LSE","LD","960  E Bonita AVE #90","POMONA","1","1.00 (1 0 0 0)","680","$2.13","$1,450","$1,450","$285.00","354,884","1979","13"
"","08/23/2018","Leased","13","CV18167943MR","469","LSE","LD","960  E Bonita AVE #27","POMONA","2","2.00 (2 0 0 0)","955","$1.83","$1,750","$1,750","","354,884","1979","22"
"","08/17/2018","Leased","20","CV18169437MR","487","LSE","LD","610   Asbury ST ","CLAREMONT","4","3.00 (2 0 1 0)","1,527","$2.03","$3,100","$3,100","","36,472","2006","34"
"","08/08/2018","Leased","13","CV18173316MR","1795","LSE","LD","1394   Upland Hills DR ","UPLAND","3","3.00 (2 0 1 0)","1,997","$1.25","$2,500","$2,500","","2,018","1992","21"
"","09/04/2018","Leased","24","CV18174617MR","1627","LSE","LD","8853   Applewood DR ","RANCHO CUCAMONGA","2","2.00 (1 0 1 0)","1,167","$1.54","$1,795","$1,795","","1,450","1984","30"
"","08/25/2018","Leased","46","CV18174957MR","487","LSE","LD","141   Oberlin AVE #A","CLAREMONT","3","3.00 (1 1 1 0)","1,300","$2.07","$2,695","$2,695","$0.00","17,347","1992","35"
"","07/30/2018","Leased","9","CV18175160MR","1627","LSE","LD","9356   19th ST #A","RANCHO CUCAMONGA","3","3.00 (2 0 1 0)","1,235","$1.62","$1,995","$1,995","$0.00","2,000","1988","9"
"","08/16/2018","Leased","24","CV18176057MR","1627","LSE","LD","8990   19th ST #288","ALTA LOMA","2","1.00 (1 0 0 0)","823","$1.88","$1,550","$1,150","","975","1981","10"
"","08/13/2018","Leased","30","CV18182718MR","1455","LSE","LD","10978   Buckingham WAY ","MONTCLAIR","2","2.00 (2 0 0 0)","1,237","$1.52","$1,875","$22,020","","1,237","1986","14"
"","09/29/2018","Leased","17","CV18183583MR","1795","LSE","LD","111   Macintosh WAY ","UPLAND","2","2.00 (2 0 0 0)","923","$2.17","$2,000","$2,000","","","2016","33"
"","10/12/2018","Leased","23","CV18183912MR","487","LSE","LD","456   Potomac WAY ","CLAREMONT","3","3.00 (3 0 0 0)","1,854","$1.62","$3,000","$2,900","","4,025","1979","76"
"","08/12/2018","Leased","29","CV18185048MR","1627","LSE","LD","8463   Sunset Trail PL #B","RANCHO CUCAMONGA","3","3.00 (2 0 1 0)","1,339","$1.57","$2,100","$2,100","","1,339","1987","11"
"","08/31/2018","Leased","25","CV18194412MR","1795","LSE","LD","914  W Arrow  #E","UPLAND","2","3.00 (2 0 1 0)","1,120","$1.67","$1,875","$1,875","","1,200","1985","18"
"","08/14/2018","Leased","17","CV18195045MR","487","LSE","LD","1365   Lafayette RD #C","CLAREMONT","2","1.00 (1 0 0 0)","900","$1.94","$1,750","$1,750","$0.00","13,426","2010","5"
"","08/10/2018","Leased","21","CV18195168MR","487","LSE","LD","1365   Lafayette RD #D","CLAREMONT","3","2.00 (2 0 0 0)","1,750","$1.29","$2,250","$2,250","$0.00","13,300","2010","1"
"","09/14/2018","Leased","13","CV18196273MR","1455","LSE","LD","10409   Via Palma  ","MONTCLAIR","4","4.00 (3 0 1 0)","2,303","$1.09","$2,500","$2,500","","1,860","2009","32"
"","08/31/2018","Leased","23","CV18197898MR","1795","LSE","LD","940  W Arrow  #A","UPLAND","2","3.00 (2 0 1 0)","1,120","$1.72","$1,925","$1,925","$246.00","1,200","1984","8"
"","09/20/2018","Leased","16","CV18200586MR","1543","LSE","LD","1420  N Elderberry AVE #49","ONTARIO","2","2.00 (1 0 1 0)","1,012","$1.78","$1,800","$1,800","","1,012","1978","17"
"","10/02/2018","Leased","9","CV18204126MR","1543","LSE","LD","1200  S San Antonio AVE #3","ONTARIO","2","3.00 (2 0 1 0)","872","$1.63","$1,425","$1,425","$0.00","51,401","1986","38"
"","08/30/2018","Leased","21","CV18206603MR","487","LSE","LD","541   Wayland CT ","CLAREMONT","2","3.00 (3 0 0 0)","1,500","$1.40","$2,100","$2,100","","1,627","1981","8"
"","09/15/2018","Leased","52","CV18206785MR","1627","LSE","LD","11450   Church ST #7","RANCHO CUCAMONGA","3","3.00 (2 0 1 0)","1,964","$1.20","$2,350","$2,350","$240.00","1,964","2004","16"
"","09/18/2018","Leased","21","CV18207322MR","1795","LSE","LD","1520   Barcelona CT ","UPLAND","3","3.00 (2 0 1 0)","1,626","$1.34","$2,175","$2,095","","1,110","2011","24"
"","09/25/2018","Leased","","CV18209072MR","1627","LSE","LD","9497   Jack Rabbit DR #110","RANCHO CUCAMONGA","2","3.00 (2 0 1 0)","1,338","$1.42","$1,900","$1,900","","1,500","2008","20"
"","10/04/2018","Leased","21","CV18209403MR","1543","LSE","LD","941   Pinyon CT #19","ONTARIO","2","2.00 (1 0 1 0)","1,242","$1.43","$1,775","$1,775","","1,242","1980","38"
"","09/30/2018","Leased","16","CV18210795MR","487","LSE","LD","706  W 1st ST ","CLAREMONT","3","3.00 (3 0 0 0)","1,658","$1.75","$2,895","$2,895","","27,054","2004","32"
"","10/05/2018","Leased","16","CV18212171MR","469","LSE","LD","960  E Bonita AVE #77","POMONA","2","2.00 (2 0 0 0)","955","$1.75","$1,675","$1,675","","354,884","1979","35"
"","09/18/2018","Leased","15","CV18212448MR","469","LSE","LD","960  E Bonita AVE #4","POMONA","1","1.00 (1 0 0 0)","535","$2.42","$1,295","$1,295","","354,884","1979","15"
"","09/15/2018","Leased","8","CV18214874MR","1627","LSE","LD","9356   19th ST #B","ALTA LOMA","3","3.00 (2 0 1 0)","1,235","$1.62","$1,995","$1,995","$0.00","2,000","1988","12"
"","12/01/2018","Leased","18","CV18215925MR","1627","LSE","LD","8426   Western Trail PL #A","RANCHO CUCAMONGA","3","3.00 (2 0 1 0)","1,339","$1.57","$2,100","$2,100","","1,339","1986","85"
"","09/25/2018","Leased","7","CV18216774MR","1455","LSE","LD","5150   Canoga ST ","MONTCLAIR","2","1.00 (1 0 0 0)","780","$1.73","$1,350","$1,350","$0.00","7,590","1958","13"
"","11/30/2018","Leased","45","CV18219492MR","1627","LSE","LD","11450   Church ST #35","RANCHO CUCAMONGA","3","3.00 (2 0 1 0)","1,549","$1.45","$2,250","$2,250","","1,549","2004","71"
"","09/26/2018","Leased","6","CV18220736MR","1795","LSE","LD","1033   Springfield ST ","UPLAND","2","2.00 (2 0 0 0)","1,010","$1.39","$1,400","$1,425","$0.00","8,060","1965","11"
"","10/08/2018","Leased","16","CV18220739MR","487","LSE","LD","602   Asbury ST ","CLAREMONT","2","3.00 (2 0 1 0)","1,430","$1.85","$2,650","$2,650","","36,472","2006","28"
"","09/30/2018","Leased","16","CV18221949MR","469","LSE","LD","960  E Bonita AVE #28","POMONA","2","2.00 (2 0 0 0)","955","$1.70","$1,625","$1,625","","354,884","1979","17"
"","11/01/2018","Leased","9","CV18223020MR","469","LSE","LD","2013   Las Vegas AVE #10","POMONA","2","1.00 (1 0 0 0)","800","$1.63","$1,300","$1,300","$0.00","19,466","1963","42"
"","11/07/2018","Leased","16","CV18225339MR","487","LSE","LD","120   Hope ST ","CLAREMONT","3","3.00 (2 0 1 0)","1,527","$1.93","$2,950","$2,900","","17,149","2007","54"
"","10/01/2018","Leased","17","CV18229830MR","1543","LSE","LD","833   Granite Privado  ","ONTARIO","2","3.00 (2 0 1 0)","1,201","$1.37","$1,650","$1,650","","3,000","1989","7"
"","10/15/2018","Leased","11","CV18231189MR","1795","LSE","LD","888  N Palm AVE #8","UPLAND","3","2.00 (1 0 1 0)","1,100","$1.41","$1,550","$1,550","$0.00","22,446","1962","10"
"","10/12/2018","Leased","8","CV18232341MR","1627","LSE","LD","11450   Church ST #108","RANCHO CUCAMONGA","3","3.00 (2 0 1 0)","1,964","$1.22","$2,400","$2,400","","1,964","2004","5"
"","10/17/2018","Leased","8","CV18233553MR","1627","LSE","LD","9356   19th ST #H","ALTA LOMA","3","3.00 (2 0 1 0)","1,235","$1.66","$2,049","$2,049","$0.00","2,000","1988","22"
"","12/06/2018","Leased","5","CV18234872MR","487","LSE","LD","788   Huron PL ","CLAREMONT","3","3.00 (3 0 0 0)","2,000","$1.43","$2,850","$2,750","","43,353","2014","68"
"","10/24/2018","Leased","18","CV18235330MR","1627","LSE","LD","9468   Jack Rabbit DR #103","RANCHO CUCAMONGA","3","2.00 (2 0 0 0)","1,357","$1.47","$1,998","$1,998","","1,100","2006","26"
"","11/02/2018","Leased","7","CV18236767MR","1795","LSE","LD","120  N 13th AVE #G","UPLAND","2","2.00 (1 0 1 0)","900","$1.56","$1,400","$1,400","$0.00","16,335","1986","24"
"","12/17/2018","Leased","10","CV18237153MR","1543","LSE","LD","1200  S San Antonio AVE #20","ONTARIO","2","2.00 (1 0 1 0)","872","$1.63","$1,425","$1,425","$0.00","51,401","1986","70"
"","10/24/2018","Leased","33","CV18238681MR","1795","LSE","LD","1033   Springfield ST ","UPLAND","2","2.00 (2 0 0 0)","1,010","$1.39","$1,400","$1,400","$0.00","8,060","1965","49"
"","10/18/2018","Leased","6","CV18240997MR","1543","LSE","LD","1020  N Turner AVE #134","ONTARIO","3","2.00 (2 0 0 0)","1,721","$1.10","$1,890","$1,890","","","1994","15"
"","04/12/2019","Leased","11","CV18247667MR","487","LSE","LD","708  W 1st ST ","CLAREMONT","3","3.00 (1 2 0 0)","1,658","$1.66","$2,750","$2,750","","27,054","2004","169"
"","11/13/2018","Leased","19","CV18248041MR","487","LSE","LD","132   Principia CT ","CLAREMONT","3","3.00 (2 0 1 0)","1,450","$1.93","$2,800","$2,800","","","2004","31"
"","03/20/2019","Leased","19","CV18248402MR","1795","LSE","LD","770   Chandler WALK ","UPLAND","4","4.00 (3 0 1 0)","1,976","$1.21","$2,399","$2,399","","9","2018","155"
"","12/03/2018","Leased","10","CV18250510MR","469","LSE","LD","960  E Bonita AVE #65","POMONA","1","1.00 (1 0 0 0)","680","$2.02","$1,375","$1,375","","354,884","1979","46"
"","11/15/2018","Leased","19","CV18255951MR","487","LSE","LD","606   Mckenna ST ","CLAREMONT","3","3.00 (3 0 0 0)","1,450","$1.83","$2,650","$2,650","","49,352","2006","11"
"","12/20/2018","Leased","18","CV18256137MR","1627","LSE","LD","11599   Stoneridge DR ","RANCHO CUCAMONGA","3","3.00 (2 0 1 0)","1,486","$1.48","$2,195","$2,195","","1,640","1994","59"
"","11/08/2018","Leased","16","CV18257382MR","1543","LSE","LD","1309  W Mission BLVD #U-52","ONTARIO","1","1.00 (1 0 0 0)","645","$2.09","$1,350","$1,350","","645","1988","15"
"","11/28/2018","Leased","11","CV18259284MR","1795","LSE","LD","1500   Upland Hills DR ","UPLAND","3","3.00 (2 0 1 0)","2,080","$1.18","$2,450","$2,450","","2,080","1995","16"
"","02/13/2019","Leased","24","CV18259677MR","1627","LSE","LD","8313   Vineyard AVE #2","RANCHO CUCAMONGA","2","2.00 (2 0 0 0)","882","$1.87","$1,650","$1,650","","","1988","92"
"","03/28/2019","Leased","9","CV18260412MR","1543","LSE","LD","802  N EUCLID  #C","ONTARIO","2","2.00 (1 0 1 0)","1,000","$1.80","$1,795","$1,795","$0.00","1,000","1925","151"
"","02/23/2019","Leased","5","CV18260592MR","1543","LSE","LD","702  N Euclid AVE #A","ONTARIO","1","1.00 (1 0 0 0)","600","$2.16","$1,295","$1,295","$0.00","11,856","1927","118"
"","12/28/2018","Leased","55","CV18260753MR","1795","LSE","LD","762   Chandler WALK ","UPLAND","3","4.00 (2 0 2 0)","1,839","$1.31","$2,400","$2,350","$282.00","","2018","42"
"","01/20/2019","Leased","55","CV18264739MR","469","LSE","LD","707   Banyon WAY ","POMONA","3","4.00 (2 1 1 0)","1,750","$1.43","$2,500","$2,500","$148.00","","2018","69"
"","11/20/2018","Leased","16","CV18265815MR","1627","LSE","LD","11450   Church ST #155","RANCHO CUCAMONGA","2","3.00 (2 0 1 0)","1,696","$1.36","$2,300","$2,400","","1,696","2004","16"
"","11/19/2018","Leased","24","CV18266090MR","1795","LSE","LD","1532   Springfield WAY ","UPLAND","3","3.00 (2 0 1 0)","1,650","$1.36","$2,250","$2,200","","1,307","2011","16"
"","12/02/2018","Leased","19","CV18266415MR","1543","LSE","LD","1031  S Palmetto AVE #B2","ONTARIO","2","3.00 (2 0 1 0)","1,296","$1.27","$1,650","$1,700","$345.00","720","1982","11"
"","01/22/2019","Leased","5","CV18267494MR","1795","LSE","LD","639  E Silverwood AVE #D","UPLAND","2","2.00 (1 0 1 0)","800","$1.99","$1,595","$1,595","$0.00","800","1960","76"
"","03/13/2019","Leased","11","CV18267512MR","1543","LSE","LD","1056  N Euclid AVE #1","ONTARIO","2","1.00 (1 0 0 0)","1,000","$1.70","$1,695","$1,695","$0.00","","1924","126"
"","01/22/2019","Leased","11","CV18267521MR","1543","LSE","LD","615  W Vine ST ","ONTARIO","1","1.00 (1 0 0 0)","600","$2.16","$1,295","$1,295","$0.00","40,050","1952","76"
"","12/01/2018","Leased","14","CV18268599MR","469","LSE","LD","1081  E Grand AVE #23","POMONA","3","3.00 (2 0 1 0)","1,332","$1.43","$1,900","$1,900","","75,678","1991","20"
"","11/26/2018","Leased","10","CV18269896MR","469","LSE","LD","1428   Cobblestone LN ","POMONA","2","3.00 (2 0 1 0)","1,493","$1.34","$2,000","$2,000","","18,222","2009","18"
"","12/27/2018","Leased","10","CV18270672MR","469","LSE","LD","2013   Las Vegas AVE #14","POMONA","2","2.00 (2 0 0 0)","800","$1.63","$1,300","$1,300","$0.00","19,466","1963","42"
"","01/31/2019","Leased","23","CV18271561MR","1795","LSE","LD","726   Central  ","UPLAND","4","3.00 (3 0 0 0)","2,279","$1.21","$2,750","$2,750","","965","2018","64"
"","11/30/2018","Leased","11","CV18272869MR","1795","LSE","LD","1356   Bouquet DR #G","UPLAND","2","1.00 (1 0 0 0)","960","$1.77","$1,700","$1,700","","2,636","1979","7"
"","03/27/2019","Leased","21","CV18276790MR","1543","LSE","LD","330  N Placer Privado  ","ONTARIO","3","3.00 (2 0 1 0)","1,629","$1.29","$2,100","$2,100","","1,573","2005","109"
"","01/16/2019","Leased","14","CV18277920MR","1627","LSE","LD","11450   Church ST #102","RANCHO CUCAMONGA","2","2.00 (2 0 0 0)","1,092","$1.83","$2,000","$2,000","","1,092","2004","55"
"","12/18/2018","Leased","8","CV18278281MR","1627","LSE","LD","9497   Jack Rabbit DR #102","RANCHO CUCAMONGA","3","2.00 (2 0 0 0)","1,357","$1.62","$2,200","$2,100","","2,000","2006","30"
"","01/20/2019","Leased","10","CV18279832MR","487","LSE","LD","537  S College AVE ","CLAREMONT","2","2.00 (2 0 0 0)","1,175","$1.83","$2,145","$2,145","","1,946","1983","43"
"","02/13/2019","Leased","7","CV18281406MR","487","LSE","LD","466   Potomac WAY ","CLAREMONT","2","2.00 (2 0 0 0)","1,465","$1.60","$2,350","$2,350","","4,024","1979","75"
"","12/05/2018","Leased","25","CV18281993MR","1122","LSE","LD","11981   Seneca WAY #18","CHINO","2","2.00 (1 0 1 0)","1,096","$1.41","$1,550","$1,550","$0.00","1,100","1984","6"
"","01/01/2019","Leased","6","CV18283749MR","469","LSE","LD","960  E Bonita AVE #107","POMONA","1","1.00 (1 0 0 0)","535","$2.71","$1,450","$1,450","","354,884","1979","27"
"","02/09/2019","Leased","28","CV18284321MR","1795","LSE","LD","1494   Redhill North DR ","UPLAND","2","2.00 (2 0 0 0)","1,399","$1.61","$2,250","$2,250","","2,600","1977","43"
"","12/18/2018","Leased","19","CV18284404MR","469","LSE","LD","960  E Bonita AVE #136","POMONA","1","1.00 (1 0 0 0)","680","$2.21","$1,500","$1,500","","354,884","1979","9"
"","12/27/2018","Leased","2","CV18284765MR","1627","LSE","LD","11450   Church ST ","RANCHO CUCAMONGA","2","2.00 (2 0 0 0)","1,304","$1.53","$2,000","$2,000","","1,304","2004","24"
"","02/13/2019","Leased","8","CV18287140MR","1543","LSE","LD","1139   Pinewood LN ","ONTARIO","3","3.00 (2 0 1 0)","1,346","$1.63","$2,200","$2,200","","1,650","1981","58"
"","02/22/2019","Leased","6","CV18288117MR","1627","LSE","LD","7685   Haven AVE #C","RANCHO CUCAMONGA","3","3.00 (2 0 1 0)","1,390","$1.58","$2,200","$2,150","","1,500","1990","74"
"","04/10/2019","Leased","20","CV18288311MR","1795","LSE","LD","1504   Amsterdam CT ","UPLAND","3","3.00 (2 0 1 0)","1,686","$1.33","$2,250","$2,250","","1,150","2007","119"
"","04/10/2019","Leased","13","CV18289475MR","487","LSE","LD","830   Citrus CT ","CLAREMONT","3","3.00 (3 0 0 0)","1,510","$1.62","$2,450","$2,450","$234.00","6,677","2014","114"
"","02/04/2019","Leased","21","CV18290481MR","1627","LSE","LD","8692   9th ST #30","RANCHO CUCAMONGA","3","3.00 (2 0 1 0)","1,366","$1.61","$2,200","$2,200","","2,000","2007","52"
"","01/27/2019","Leased","17","CV18290952MR","1543","LSE","LD","506  N Imperial AVE #C","ONTARIO","3","2.00 (2 0 0 0)","1,238","$1.62","$2,000","$2,000","","2,000","1985","43"
"","03/08/2019","Leased","13","CV18292923MR","1543","LSE","LD","1200  S San Antonio AVE #2","ONTARIO","2","2.00 (2 0 0 0)","872","$1.63","$1,425","$1,425","$0.00","51,401","1986","63"
"","01/07/2019","Leased","6","CV18293052MR","1543","LSE","LD","1045  W Francis ST #D","ONTARIO","3","2.00 (2 0 0 0)","1,008","$1.76","$1,775","$1,775","","1,008","1983","21"
"","01/28/2019","Leased","16","CV18293564MR","1795","LSE","LD","381   Corte Rojo  ","UPLAND","2","3.00 (2 0 1 0)","1,522","$1.25","$1,900","$1,900","","1,522","1982","29"
"","02/07/2019","Leased","7","CV18294945MR","1627","LSE","LD","7353   Ellena  #58","RANCHO CUCAMONGA","3","3.00 (2 0 1 0)","1,696","$1.36","$2,300","$2,300","","1,696","2003","47"
"","01/09/2019","Leased","22","CV18296239MR","1543","LSE","LD","1720  S Mountain AVE #E","ONTARIO","2","3.00 (2 0 1 0)","1,087","$1.47","$1,595","$1,595","","1,087","1985","14"
"","02/12/2019","Leased","1","CV18296908MR","1543","LSE","LD","2321  S Magnolia AVE #3A","ONTARIO","2","3.00 (2 0 1 0)","1,026","$1.63","$1,675","$1,675","","1,026","1982","46"
"","01/23/2019","Leased","18","CV19004749MR","487","LSE","LD","624  W 1st ST ","CLAREMONT","2","2.00 (2 0 0 0)","1,605","$1.56","$2,500","$2,500","","26,787","2004","12"
"","04/01/2019","Leased","31","CV19005492MR","1627","LSE","LD","6936   Doheny PL #C","RANCHO CUCAMONGA","2","2.00 (2 0 0 0)","1,104","$1.68","$1,850","$1,750","","1,500","1985","28"
"","01/27/2019","Leased","18","CV19006682MR","1627","LSE","LD","8752   Pine Crest PL ","RANCHO CUCAMONGA","2","2.00 (1 0 1 0)","1,179","$1.51","$1,780","$1,780","","1,179","1984","17"
"","02/28/2019","Leased","24","CV19007893MR","1795","LSE","LD","1049  W Pine ST #A","UPLAND","2","2.00 (2 0 0 0)","1,023","$1.81","$1,850","$1,850","$300.00","1,092","1972","43"
"","02/22/2019","Leased","14","CV19008145MR","1627","LSE","LD","10151   Arrow  #37","RANCHO CUCAMONGA","1","1.00 (1 0 0 0)","708","$2.12","$1,500","$1,500","","708","1986","22"
"","02/11/2019","Leased","8","CV19008894MR","1455","LSE","LD","4968   Arrow HWY ","MONTCLAIR","2","3.00 (1 1 1 0)","1,436","$1.43","$2,050","$2,050","$232.00","1,436","2016","18"
"","01/26/2019","Leased","18","CV19009459MR","1627","LSE","LD","11450   Church ST #162","RANCHO CUCAMONGA","2","2.00 (2 0 0 0)","1,089","$1.74","$1,900","$1,800","","1,089","2004","9"
"","03/08/2019","Leased","9","CV19012230MR","1795","LSE","LD","120  N 13th AVE #F","UPLAND","2","1.00 (1 0 0 0)","900","$1.50","$1,350","$1,350","$0.00","16,335","1986","40"
"","02/11/2019","Leased","12","CV19012879MR","1627","LSE","LD","8990   19th ST #379","RANCHO CUCAMONGA","1","1.00 (1 0 0 0)","675","$2","$1,350","$1,300","","625","1981","13"
"","02/08/2019","Leased","23","CV19013439MR","1455","LSE","LD","4424   San Jose ST #15","MONTCLAIR","2","2.00 (2 0 0 0)","1,201","$1.33","$1,600","$1,600","$0.00","1,610","1981","7"
"","02/13/2019","Leased","20","CV19015166MR","1543","LSE","LD","2902  E Via Fiano  ","ONTARIO","3","3.00 (2 0 1 0)","1,749","$1.26","$2,200","$2,200","","1,749","2016","8"
"","02/19/2019","Leased","38","CV19016166MR","487","LSE","LD","703   Lander CIR ","CLAREMONT","3","3.00 (2 0 1 0)","1,475","$1.76","$2,595","$2,595","$0.00","1,439","1987","27"
"","02/22/2019","Leased","12","CV19016507MR","1543","LSE","LD","992  N Turner AVE #123","ONTARIO","2","2.00 (2 0 0 0)","1,382","$1.37","$1,900","$1,850","","","1994","31"
"","02/19/2019","Leased","11","CV19018469MR","1455","LSE","LD","5152   Canoga ST ","MONTCLAIR","2","1.00 (1 0 0 0)","780","$1.73","$1,350","$1,350","$0.00","7,590","1958","11"
"","02/21/2019","Leased","19","CV19022918MR","1543","LSE","LD","1008  N Turner AVE #261","ONTARIO","3","3.00 (2 0 1 0)","1,543","$1.36","$2,100","$2,100","","1,435","1997","19"
"","02/21/2019","Leased","8","CV19024847MR","1627","LSE","LD","6941   Laguna PL #C","RANCHO CUCAMONGA","2","2.00 (2 0 0 0)","1,104","$1.65","$1,825","$1,825","","1,500","1985","15"
"","04/17/2019","Leased","8","CV19027119MR","1455","LSE","LD","9301   Shadowood DR #B","MONTCLAIR","3","3.00 (2 0 1 0)","1,388","$1.40","$1,950","$1,950","","1,369","1980","69"
"","03/09/2019","Leased","54","CV19030060MR","487","LSE","LD","611  W 1st ST ","CLAREMONT","3","3.00 (2 0 1 0)","1,470","$1.90","$2,800","$2,800","$310.00","49,352","2006","22"
"","02/17/2019","Leased","6","CV19033493MR","1627","LSE","LD","8990   19th ST ","RANCHO CUCAMONGA","0","1.00 (1 0 0 0)","494","$2.23","$1,100","$1,100","","","1981","4"
"","04/14/2019","Leased","19","CV19034368MR","1627","LSE","LD","11257   Terra Vista PKY #B","RANCHO CUCAMONGA","3","3.00 (3 0 0 0)","1,423","$1.62","$2,300","$2,300","$0.00","2,535","1994","43"
"","03/07/2019","Leased","37","CV19037100MR","1795","LSE","LD","1242   Winged Foot DR ","UPLAND","3","3.00 (2 0 1 0)","1,742","$1.38","$2,400","$2,400","","2,000","1987","10"
"","04/01/2019","Leased","10","CV19037159MR","487","LSE","LD","410   San Francisco CT ","CLAREMONT","3","3.00 (3 0 0 0)","1,687","$1.38","$2,325","$2,300","","44,019","2014","36"
"","03/18/2019","Leased","24","CV19038610MR","1627","LSE","LD","8022   Cresta Bella RD ","RANCHO CUCAMONGA","3","3.00 (2 0 1 0)","1,898","$1.26","$2,400","$2,400","","2,000","2013","10"
"","03/07/2019","Leased","9","CV19041076MR","469","LSE","LD","2013   Las Vegas AVE #17","POMONA","1","1.00 (1 0 0 0)","600","$1.75","$1,050","$1,050","$0.00","19,466","1963","6"
"","05/03/2019","Leased","38","CV19043856MR","1455","LSE","LD","9810   Mammoth DR ","MONTCLAIR","3","3.00 (3 0 0 0)","1,800","$1.28","$2,300","$2,300","","1,800","1981","64"
"","03/03/2019","Leased","30","CV19044511MR","1627","LSE","LD","8766 1/2  Pine Crest PL ","RANCHO CUCAMONGA","2","2.00 (1 0 1 0)","1,179","$1.61","$1,900","$1,900","","1,179","1984","4"
"","04/03/2019","Leased","45","CV19044587MR","1627","LSE","LD","9154  E Rancho Park CIR ","RANCHO CUCAMONGA","3","3.00 (2 0 1 0)","1,609","$1.43","$2,300","$2,300","","","1989","3"
"","04/22/2019","Leased","1","CV19048475MR","1627","LSE","LD","9860   Paloma CT ","RANCHO CUCAMONGA","2","1.00 (1 0 0 0)","938","$2.08","$1,950","$1,950","","2,000","1984","5"
"","03/17/2019","Leased","17","CV19050712MR","1795","LSE","LD","1166   Mountain Gate RD ","UPLAND","3","2.00 (1 1 0 0)","1,550","$1.35","$2,100","$2,120","$0.00","1,550","1974","15"
"","05/13/2019","Leased","40","CV19054567MR","1455","LSE","LD","8861   Ash AVE #E","MONTCLAIR","2","3.00 (2 0 0 1)","1,410","$1.56","$2,195","$2,300","","","2017","63"
"","04/17/2019","Leased","28","CV19056575MR","1627","LSE","LD","7905   Adriano PL ","RANCHO CUCAMONGA","2","2.00 (2 0 0 0)","1,037","$1.92","$1,995","$1,995","","2,000","1984","35"
"","04/02/2019","Leased","26","CV19057585MR","1795","LSE","LD","724   Pebble Beach DR ","UPLAND","2","2.00 (2 0 0 0)","1,390","$1.65","$2,300","$2,300","","1,909","1982","19"
"","04/17/2019","Leased","12","CV19059429MR","469","LSE","LD","1979   Annandale WAY ","POMONA","4","2.00 (2 0 0 0)","1,616","$1.42","$2,300","$2,300","","31,929","2008","31"
"","04/05/2019","Leased","14","CV19060335MR","487","LSE","LD","742   MANSFIELD  ","CLAREMONT","2","3.00 (2 0 1 0)","1,180","$1.78","$2,100","$2,100","$0.00","54,101,520","1986","4"
"","03/28/2019","Leased","17","CV19061726MR","1543","LSE","LD","115   4th ST #C","ONTARIO","1","1.00 (1 0 0 0)","800","$1.44","$1,150","$1,195","$0.00","500","1925","1"
"","03/26/2019","Leased","30","CV19065145MR","1455","LSE","LD","5223   Hanover WAY ","MONTCLAIR","2","3.00 (2 0 1 0)","1,216","$1.27","$1,545","$1,545","","1,216","1984","3"
"","05/02/2019","Leased","9","CV19081413MR","469","LSE","LD","2013   Las Vegas AVE #8","POMONA","1","1.00 (1 0 0 0)","600","$1.92","$1,150","$1,150","$0.00","19,466","1963","6"
"","05/16/2019","Leased","57","CV19082889MR","469","LSE","LD","2722   Valor LN ","POMONA","3","4.00 (3 0 1 0)","1,868","$1.34","$2,500","$2,500","","","2017","14"
"","05/03/2019","Leased","23","CV19084875MR","1627","LSE","LD","10151   Arrow  #95","RANCHO CUCAMONGA","2","1.00 (1 0 0 0)","880","$1.82","$1,600","$1,600","","880","1986","9"
"","05/08/2019","Leased","22","CV19085300MR","1627","LSE","LD","11450   Church ST #9","RANCHO CUCAMONGA","2","2.00 (2 0 0 0)","1,304","$1.65","$2,150","$2,150","","1,304","2004","8"
"","05/14/2019","Leased","14","CV19087361MR","1627","LSE","LD","6662   Alta Woods WAY ","ALTA LOMA","3","3.00 (2 0 1 0)","1,367","$1.54","$2,100","$2,100","$200.00","","1984","21"
"","05/08/2019","Leased","60","CV19087976MR","1795","LSE","LD","776   Central AVE ","UPLAND","3","4.00 (3 0 1 0)","1,976","$1.37","$2,700","$2,700","","","2018","19"
"","05/08/2019","Leased","23","CV19098803MR","469","LSE","LD","2410  N Towne AVE #8","POMONA","2","2.00 (2 0 0 0)","823","$1.88","$1,545","$1,545","","202,945","1987","7"
"","05/13/2019","Leased","2","CV19099255MR","469","LSE","LD","254  W Grove ST #2","POMONA","2","2.00 (1 0 1 0)","878","$2.11","$1,850","$1,750","","90,341","1979","13"
"","05/20/2019","Leased","16","CV19112306MR","1795","LSE","LD","1364   Randy ST #A","UPLAND","2","2.00 (1 0 1 0)","1,000","$1.35","$1,350","$1,350","$0.00","7,800","1964","7"
"","04/07/2019","Leased","8","DW19054176MR","1627","LSE","LD","8039   City View PL ","RANCHO CUCAMONGA","4","4.00 (3 0 1 0)","1,851","$1.35","$2,500","$2,500","","2,000","2013","31"
"","04/24/2018","Leased","3","EV18065664MR","1627","LSE","LD","7353   Ellena  #85","RANCHO CUCAMONGA","2","1.00 (1 0 0 0)","1,089","$1.65","$1,800","$1,800","","987","2003","22"
"","06/05/2018","Leased","12","EV18095402MR","1627","LSE","LD","6949 A  Laguna PL #A","RANCHO CUCAMONGA","3","2.00 (2 0 0 0)","1,211","$1.73","$2,100","$2,100","$0.00","1,500","1985","36"
"","08/22/2018","Leased","18","EV18190882MR","1543","LSE","LD","512  N Placer Privado  ","ONTARIO","4","3.00 (3 0 0 0)","2,116","$1.06","$2,250","$2,250","","2,047","2005","10"
"","10/05/2018","Leased","7","EV18222494MR","1543","LSE","LD","1150  W Phillips ST ##141","ONTARIO","2","2.00 (2 0 0 0)","956","$1.67","$1,595","$1,595","$0.00","2,700","1987","21"
"","02/17/2018","Leased","8","IG17272282MR","1543","LSE","LD","1309  W Mission BLVD ##112","ONTARIO","3","2.00 (2 0 0 0)","1,094","$1.53","$1,675","$1,675","","1,094","1988","61"
"","02/01/2018","Leased","26","IG17272284MR","1627","LSE","LD","10329   Cooks DR #2","RANCHO CUCAMONGA","4","3.00 (3 0 0 0)","1,906","$1.26","$2,400","$2,300","$350.00","1,150","2009","52"
"","01/12/2018","Leased","21","IG17275939MR","1627","LSE","LD","11433   Mountain View DR #11","RANCHO CUCAMONGA","2","3.00 (2 0 1 0)","1,516","$1.38","$2,095","$2,095","","2,310","2003","25"
"","02/14/2018","Leased","25","IG18005470MR","1627","LSE","LD","11450   Church ST #69","RANCHO CUCAMONGA","2","2.00 (2 0 0 0)","1,304","$1.53","$2,000","$2,000","","","2004","29"
"","02/15/2018","Leased","17","IG18005549MR","1627","LSE","LD","7353   Ellena  #122","RANCHO CUCAMONGA","2","1.00 (1 0 0 0)","1,092","$1.64","$1,795","$1,795","","1,092","2003","38"
"","02/12/2018","Leased","22","IG18013069MR","1543","LSE","LD","2030  S Bon View AVE #D","ONTARIO","2","3.00 (2 0 1 0)","1,364","$1.21","$1,650","$1,650","","1,364","1985","8"
"","03/23/2018","Leased","16","IG18032116MR","1627","LSE","LD","7353   Ellena  #64","RANCHO CUCAMONGA","3","3.00 (2 0 1 0)","1,696","$1.33","$2,260","$2,200","$242.00","1,696","2003","40"
"","03/06/2018","Leased","7","IG18046618MR","1543","LSE","LD","1144  W Whittlers LN ","ONTARIO","3","3.00 (2 0 1 0)","1,346","$1.37","$1,850","$1,850","","1,346","1983","6"
"","07/18/2018","Leased","7","IG18052718MR","1627","LSE","LD","8708   Pine Crest PL #1/2","RANCHO CUCAMONGA","2","2.00 (2 0 0 0)","1,179","$1.52","$1,795","$1,695","","4,000","1983","133"
"","04/16/2018","Leased","17","IG18056787MR","469","LSE","LD","2410  N Towne AVE #36","POMONA","2","2.00 (2 0 0 0)","823","$1.94","$1,600","$1,600","","202,945","1987","7"
"","04/13/2018","Leased","15","IG18056962MR","1795","LSE","LD","962  W Arrow  #E","UPLAND","2","3.00 (2 0 1 0)","1,120","$1.56","$1,750","$1,750","","1,200","1984","5"
"","04/10/2018","Leased","9","IG18066542MR","1543","LSE","LD","926  W Philadelphia ST #76","ONTARIO","2","3.00 (2 0 1 0)","932","$1.50","$1,400","$1,400","","932","1990","3"
"","05/16/2018","Leased","20","IG18070307MR","1455","LSE","LD","8823   Jacaranda  #D","MONTCLAIR","2","3.00 (2 0 1 0)","1,410","$1.42","$1,998","$1,998","","1,410","2015","48"
"","05/03/2018","Leased","22","IG18082152MR","1543","LSE","LD","1724  E G ST #B","ONTARIO","2","2.00 (1 0 1 0)","1,107","$1.44","$1,595","$1,595","","1,100","1984","17"
"","06/11/2018","Leased","26","IG18118859MR","1543","LSE","LD","2916  E Via Fiano  ","ONTARIO","3","3.00 (2 0 1 0)","1,749","$1.29","$2,250","$2,250","","","2016","2"
"","07/03/2018","Leased","17","IG18120026MR","1627","LSE","LD","7208   Hermosa AVE ","RANCHO CUCAMONGA","3","3.00 (2 0 1 0)","1,286","$1.52","$1,950","$1,950","","1,500","1986","38"
"","07/21/2018","Leased","19","IG18144820MR","1627","LSE","LD","9814   Louise WAY ","RANCHO CUCAMONGA","3","3.00 (2 0 1 0)","1,480","$1.42","$2,100","$2,100","","2,000","1985","33"
"","07/17/2018","Leased","2","IG18145710MR","1455","LSE","LD","5106   Aspen DR ","MONTCLAIR","3","3.00 (2 0 0 1)","1,426","$1.37","$1,950","$1,950","","","1981","10"
"","07/17/2018","Leased","23","IG18156361MR","1627","LSE","LD","11249   Terra VIS #B","RANCHO CUCAMONGA","3","3.00 (3 0 0 0)","1,423","$1.42","$2,025","$2,025","","2,550","1994","7"
"","08/09/2018","Leased","28","IG18182905MR","1543","LSE","LD","1716  S Mountain AVE #C","ONTARIO","3","3.00 (2 0 1 0)","1,302","$1.54","$2,000","$2,000","","1,302","1985","7"
"","10/15/2018","Leased","9","IG18183932MR","1627","LSE","LD","8088   Cresta Bella RD ","RANCHO CUCAMONGA","2","3.00 (2 0 1 0)","1,838","$1.25","$2,300","$2,200","$0.00","2,000","2013","27"
"","09/21/2018","Leased","41","IG18211746MR","1627","LSE","LD","7328   Stonehaven PL ","RANCHO CUCAMONGA","3","3.00 (2 0 1 0)","1,248","$2.04","$2,550","$2,550","","1,640","1993","21"
"","09/04/2018","Leased","8","IG18213156MR","1627","LSE","LD","11289   Terra VIS #B","RANCHO CUCAMONGA","3","3.00 (3 0 0 0)","1,423","$1.52","$2,160","$2,160","$260.00","2,723","1994","4"
"","10/28/2018","Leased","1","IG18244680MR","1543","LSE","LD","926  W Philadelphia ST #16","ONTARIO","2","3.00 (2 0 1 0)","932","$1.61","$1,500","$1,500","","932","1990","20"
"","11/30/2018","Leased","21","IG18247633MR","1122","LSE","LD","11883   Ottawa PL ","CHINO","3","3.00 (2 0 1 0)","1,450","$1.34","$1,950","$1,950","$380.00","1,450","1986","44"
"","10/23/2018","Leased","14","IG18250609MR","1795","LSE","LD","1423  W 7th ST ","UPLAND","2","1.00 (1 0 0 0)","994","$1.66","$1,650","$1,650","","994","1974","5"
"","12/20/2018","Leased","22","IG18273388MR","469","LSE","LD","1457  S Reservoir ST #5","POMONA","3","3.00 (3 0 0 0)","1,465","$1.30","$1,900","$1,900","","56,969","1994","5"
"","12/19/2018","Leased","2","IG18275490MR","1627","LSE","LD","8423   Western TRL #H","RANCHO CUCAMONGA","2","2.00 (2 0 0 0)","1,010","$1.68","$1,695","$1,695","","1,010","1986","33"
"","02/01/2019","Leased","9","IG18277041MR","1543","LSE","LD","730  W Phillips ST #15","ONTARIO","2","3.00 (2 0 1 0)","1,247","$1.32","$1,650","$1,650","","1,247","1981","45"
"","04/01/2019","Leased","34","IG18285229MR","1795","LSE","LD","706   Central AVE ","UPLAND","4","3.00 (3 0 0 0)","2,000","$1.25","$2,495","$2,495","","1,000","2018","118"
"","01/07/2019","Leased","5","IG18286002MR","1627","LSE","LD","7353   Ellena  #122","RANCHO CUCAMONGA","2","1.00 (1 0 0 0)","1,092","$1.64","$1,795","$1,795","","1,092","2003","29"
"","01/15/2019","Leased","10","IG18287051MR","1627","LSE","LD","9148  E Rancho Park CIR ","RANCHO CUCAMONGA","3","3.00 (2 0 1 0)","1,609","$1.34","$2,150","$2,150","","1,609","1989","41"
"","01/24/2019","Leased","17","IG18296591MR","487","LSE","LD","670   Sycamore AVE ","CLAREMONT","2","2.00 (2 0 0 0)","1,112","$1.71","$1,900","$1,900","","145,117","1982","14"
"","03/20/2019","Leased","16","IG19020575MR","1627","LSE","LD","11450   Church ST #69","RANCHO CUCAMONGA","2","2.00 (2 0 0 0)","1,304","$1.57","$2,050","$2,100","","","2004","46"
"","03/02/2019","Leased","12","IG19026047MR","1627","LSE","LD","8167   Vineyard AVE #2","RANCHO CUCAMONGA","2","2.00 (1 0 1 0)","932","$1.72","$1,600","$1,600","","","1989","15"
"","03/05/2019","Leased","17","IG19043596MR","1543","LSE","LD","145 #53  Alpine CT ","ONTARIO","2","2.00 (2 0 0 0)","1,227","$1.43","$1,750","$1,750","","1,227","1980","3"
"","04/18/2019","Leased","30","IG19078920MR","1543","LSE","LD","1716  S Mountain AVE #C","ONTARIO","3","3.00 (2 0 1 0)","1,302","$1.77","$2,300","$2,300","","1,302","1985","572"
"","05/02/2019","Leased","22","IG19090904MR","1543","LSE","LD","926  W Philadelphia ST #76","ONTARIO","2","3.00 (2 0 1 0)","932","$1.56","$1,450","$1,450","","932","1990","2"
"","05/20/2019","Leased","15","IG19104651MR","1795","LSE","LD","962  W Arrow  #E","UPLAND","2","3.00 (2 0 1 0)","1,120","$1.70","$1,900","$1,900","","1,200","1984","8"
"","01/02/2018","Leased","11","IV17235394MR","1627","LSE","LD","8351   Honeysuckle PL ","RANCHO CUCAMONGA","2","1.00 (1 0 0 0)","718","$2.61","$1,875","$1,825","","2,000","1985","60"
"","03/05/2018","Leased","12","IV17258825MR","1543","LSE","LD","905  N Vineyard AVE #B","ONTARIO","2","1.00 (1 0 0 0)","940","$1.33","$1,250","$1,250","$0.00","25,500","1962","110"
"","01/26/2018","Leased","19","IV17271437MR","1627","LSE","LD","7868   Milliken AVE #496","RANCHO CUCAMONGA","2","2.00 (2 0 0 0)","1,019","$1.96","$1,997","$1,997","$0.00","1,019","2003","50"
"","01/29/2018","Leased","28","IV17275248MR","1627","LSE","LD","10950   Church ST #3522","RANCHO CUCAMONGA","2","2.00 (2 0 0 0)","1,176","$1.66","$1,953","$1,953","$0.00","1,176","2002","45"
"","01/05/2018","Leased","4","IV17278775MR","1627","LSE","LD","10730   Church ST #325","RANCHO CUCAMONGA","1","1.00 (1 0 0 0)","619","$2.57","$1,588","$1,588","$0.00","619","1987","14"
"","02/16/2018","Leased","2","IV17278821MR","1627","LSE","LD","9600   Lomita CT #105L","RANCHO CUCAMONGA","1","1.00 (1 0 0 0)","624","$2.24","$1,395","$1,395","$0.00","164,221","1987","56"
"","03/26/2018","Leased","49","IV17279740MR","1543","LSE","LD","1217  S Palmetto AVE #C","ONTARIO","2","2.00 (1 0 1 0)","1,302","$1.31","$1,700","$1,700","$0.00","1,302","1981","76"
"","01/05/2018","Leased","36","IV17279866MR","1627","LSE","LD","11660   Church ST #111","RANCHO CUCAMONGA","2","3.00 (2 0 1 0)","1,092","$1.97","$2,150","$2,150","$0.00","1,092","2007","9"
"","02/19/2018","Leased","26","IV17279912MR","1627","LSE","LD","10850   Church ST #J304","RANCHO CUCAMONGA","2","2.00 (2 0 0 0)","996","$2.06","$2,050","$2,050","$0.00","996","2001","53"
"","04/02/2018","Leased","14","IV18004788MR","1627","LSE","LD","11343   Mountain View DR #20","RANCHO CUCAMONGA","2","2.00 (2 0 0 0)","898","$2","$1,796","$1,796","$0.00","898","1990","83"
"","02/26/2018","Leased","10","IV18008553MR","1543","LSE","LD","868  S Palmetto AVE ","ONTARIO","2","3.00 (2 0 1 0)","1,370","$1.31","$1,795","$1,795","$0.00","1,290","1985","45"
"","03/07/2018","Leased","10","IV18011268MR","1543","LSE","LD","911  N Vineyard AVE ","ONTARIO","2","1.00 (1 0 0 0)","3,832","$0.33","$1,250","$1,250","$0.00","6,222","1975","33"
"","03/15/2018","Leased","9","IV18013519MR","1627","LSE","LD","9733   La Jolla DR #C","RANCHO CUCAMONGA","2","2.00 (2 0 0 0)","1,104","$1.47","$1,625","$1,625","","1,500","1985","27"
"","02/13/2018","Leased","16","IV18022749MR","469","LSE","LD","3730   Towne Park CIR ","POMONA","3","2.00 (2 0 0 0)","1,350","$1.31","$1,775","$1,775","$0.00","1,980","1978","14"
"","04/20/2018","Leased","9","IV18025469MR","1627","LSE","LD","9825   Allesandro CT ","RANCHO CUCAMONGA","2","1.00 (1 0 0 0)","938","$1.97","$1,850","$1,850","","2,000","1983","75"
"","02/15/2018","Leased","11","IV18027171MR","1627","LSE","LD","9830   Casiano CT ","RANCHO CUCAMONGA","2","2.00 (2 0 0 0)","1,037","$1.90","$1,975","$1,975","","2,000","1985","10"
"","03/16/2018","Leased","26","IV18027258MR","1627","LSE","LD","7367   Stonebrook PL ","RANCHO CUCAMONGA","3","3.00 (2 0 1 0)","1,239","$1.76","$2,175","$2,175","","1,640","1994","35"
"","02/14/2018","Leased","2","IV18032303MR","1543","LSE","LD","1150  W Phillips ST #AP142","ONTARIO","2","2.00 (2 0 0 0)","956","$1.52","$1,450","$1,450","","2,700","1987","2"
"","03/16/2018","Leased","14","IV18038195MR","1455","LSE","LD","9424   Round Up DR #E","MONTCLAIR","2","1.00 (1 0 0 0)","1,053","$1.61","$1,700","$1,700","","925","1980","14"
"","04/04/2018","Leased","5","IV18041815MR","469","LSE","LD","731   Washington AVE ","POMONA","2","2.00 (1 0 1 0)","900","$1.39","$1,250","$1,250","$0.00","6,289","1963","41"
"","03/01/2018","Leased","5","IV18044429MR","1627","LSE","LD","7861   Portola RD ","RANCHO CUCAMONGA","2","2.00 (1 0 1 0)","938","$2.02","$1,895","$1,895","","2,000","1986","3"
"","05/23/2018","Leased","14","IV18044495MR","1627","LSE","LD","9856   Adolfo CT ","RANCHO CUCAMONGA","2","2.00 (2 0 0 0)","938","$2.11","$1,975","$1,975","","2,000","1985","78"
"","03/19/2018","Leased","15","IV18047079MR","1627","LSE","LD","8840   19th ST #53","RANCHO CUCAMONGA","1","1.00 (1 0 0 0)","700","$2.21","$1,550","$1,550","$0.00","700","1988","18"
"","04/14/2018","Leased","9","IV18050743MR","1543","LSE","LD","130  N Pleasant AVE #B","ONTARIO","1","1.00 (1 0 0 0)","850","$1.41","$1,195","$1,195","$0.00","9,648","1922","35"
"","06/22/2018","Leased","14","IV18052786MR","1627","LSE","LD","8795   Knollwood DR ","RANCHO CUCAMONGA","2","2.00 (1 0 1 0)","1,167","$1.71","$2,000","$1,860","","2,178","1985","99"
"","05/13/2018","Leased","35","IV18056652MR","1795","LSE","LD","1070   Sydney CT ","UPLAND","2","3.00 (2 0 1 0)","1,650","$1.33","$2,200","$2,200","$251.00","1,307","2011","54"
"","03/16/2018","Leased","14","IV18056823MR","1627","LSE","LD","8549   Salina ST ","RANCHO CUCAMONGA","2","1.00 (1 0 0 0)","785","$2.29","$1,795","$1,795","","2,000","1986","4"
"","04/02/2018","Leased","14","IV18059119MR","469","LSE","LD","3054   Gladstone ST #3","POMONA","2","3.00 (1 0 1 1)","904","$1.99","$1,795","$1,700","","3,000","1980","7"
"","04/13/2018","Leased","19","IV18072839MR","1627","LSE","LD","7868   Milliken AVE #182","RANCHO CUCAMONGA","2","2.00 (2 0 0 0)","990","$1.98","$1,962","$1,962","$0.00","990","2003","14"
"","04/06/2018","Leased","42","IV18074518MR","1627","LSE","LD","11660   Church ST #642","RANCHO CUCAMONGA","2","2.00 (2 0 0 0)","1,031","$2.12","$2,190","$2,190","$0.00","1,031","2007","4"
"","05/11/2018","Leased","9","IV18084295MR","1543","LSE","LD","740  N Turner AVE #2","ONTARIO","2","2.00 (1 1 0 0)","700","$1.85","$1,295","$1,295","$0.00","11,446","1983","29"
"","05/14/2018","Leased","23","IV18088681MR","1627","LSE","LD","10151   Arrow  #116","RANCHO CUCAMONGA","2","2.00 (2 0 0 0)","973","$1.64","$1,595","$1,595","","973","1986","25"
"","05/16/2018","Leased","14","IV18091237MR","1795","LSE","LD","892   Pebble Beach DR ","UPLAND","3","2.00 (2 0 0 0)","1,994","$1.76","$3,500","$3,000","","2,547","1982","13"
"","07/06/2018","Leased","10","IV18094442MR","487","LSE","LD","810   Manchester CT ","CLAREMONT","3","3.00 (3 0 0 0)","1,563","$1.34","$2,100","$2,100","","106,936","1981","10"
"","05/07/2018","Leased","18","IV18102571MR","1627","LSE","LD","10730   Church ST #198","RANCHO CUCAMONGA","2","1.00 (1 0 0 0)","755","$2.27","$1,712","$1,712","$0.00","755","1987","5"
"","05/16/2018","Leased","14","IV18102628MR","1627","LSE","LD","11343   Mountain View DR #133","RANCHO CUCAMONGA","2","2.00 (2 0 0 0)","898","$2.14","$1,918","$1,918","$0.00","898","1990","14"
"","05/16/2018","Leased","28","IV18104880MR","1627","LSE","LD","10850   Church ST #Q203","RANCHO CUCAMONGA","2","2.00 (2 0 0 0)","996","$2.09","$2,080","$2,080","$0.00","996","2001","12"
"","05/18/2018","Leased","18","IV18108644MR","1627","LSE","LD","9674   Northampton DR ","RANCHO CUCAMONGA","2","2.00 (2 0 0 0)","916","$1.85","$1,695","$1,695","$0.00","4,003","1988","8"
"","06/05/2018","Leased","29","IV18113693MR","1543","LSE","LD","2213  S Greenwood PL #A","ONTARIO","2","3.00 (2 0 1 0)","1,061","$1.77","$1,880","$1,880","","1,061","1988","17"
"","05/21/2018","Leased","","IV18120277MR","1627","LSE","LD","11204   Terra VIS #102","RANCHO CUCAMONGA","3","3.00 (2 0 1 0)","1,354","$1.37","$1,850","$1,850","","1,400","1989","0"
"","06/11/2018","Leased","19","IV18124242MR","1627","LSE","LD","10730   Church ST #364","RANCHO CUCAMONGA","1","1.00 (1 0 0 0)","619","$2.80","$1,733","$1,733","$0.00","619","1987","16"
"","06/29/2018","Leased","12","IV18124254MR","1627","LSE","LD","11343   Mountain View DR #120","RANCHO CUCAMONGA","2","2.00 (2 0 0 0)","898","$2.19","$1,963","$1,963","$0.00","898","1990","34"
"","07/26/2018","Leased","18","IV18131814MR","1627","LSE","LD","8347   Honeysuckle PL ","RANCHO CUCAMONGA","2","3.00 (2 0 1 0)","1,167","$1.71","$1,995","$1,995","","2,000","1985","4"
"","06/22/2018","Leased","14","IV18139802MR","487","LSE","LD","755   Lancaster DR ","CLAREMONT","2","2.00 (2 0 0 0)","1,177","$1.86","$2,195","$2,195","$0.00","1,236","1984","6"
"","06/22/2018","Leased","29","IV18141368MR","1627","LSE","LD","10375   Church ST #85","RANCHO CUCAMONGA","2","2.00 (2 0 0 0)","1,066","$1.88","$2,000","$2,000","$322.00","2,000","2008","2"
"","06/25/2018","Leased","20","IV18143643MR","1627","LSE","LD","10730   Church ST #361","RANCHO CUCAMONGA","1","1.00 (1 0 0 0)","619","$2.57","$1,588","$1,588","$0.00","619","1987","9"
"","07/05/2018","Leased","28","IV18143670MR","1627","LSE","LD","10950   Church ST #2022","RANCHO CUCAMONGA","2","2.00 (2 0 0 0)","1,176","$1.96","$2,300","$2,300","$0.00","1,176","2002","20"
"","07/16/2018","Leased","24","IV18145796MR","1455","LSE","LD","11024   San Miguel WAY ","MONTCLAIR","2","2.00 (2 0 0 0)","1,224","$1.43","$1,750","$1,750","","1,224","1988","6"
"","07/05/2018","Leased","27","IV18149126MR","1627","LSE","LD","10850   Church ST #L304","RANCHO CUCAMONGA","2","2.00 (2 0 0 0)","996","$1.94","$1,932","$1,932","$0.00","996","2001","14"
"","08/08/2018","Leased","15","IV18149148MR","1627","LSE","LD","8840   19th ST #131","RANCHO CUCAMONGA","1","1.00 (1 0 0 0)","700","$2.23","$1,560","$1,560","$0.00","700","1988","48"
"","08/03/2018","Leased","9","IV18152867MR","1627","LSE","LD","7861   Peralta RD ","RANCHO CUCAMONGA","2","2.00 (2 0 0 0)","938","$2.13","$1,995","$1,995","","2,000","1984","30"
"","07/11/2018","Leased","20","IV18156852MR","1627","LSE","LD","10730   Church ST #279","RANCHO CUCAMONGA","2","2.00 (2 0 0 0)","885","$2.17","$1,920","$1,920","$0.00","885","1988","12"
"","07/17/2018","Leased","10","IV18162197MR","1543","LSE","LD","3230   Triumph LN ","ONTARIO","3","2.00 (1 0 1 0)","1,125","$1.51","$1,695","$1,695","$0.00","9,956","1985","11"
"","07/09/2018","Leased","26","IV18162287MR","1627","LSE","LD","10850   Church ST #J204","RANCHO CUCAMONGA","2","2.00 (2 0 0 0)","996","$1.93","$1,922","$1,922","$0.00","996","2001","3"
"","08/08/2018","Leased","23","IV18168997MR","1627","LSE","LD","10850   Church ST #F301","RANCHO CUCAMONGA","2","2.00 (2 0 0 0)","996","$2.10","$2,088","$2,088","$0.00","996","2001","26"
"","07/30/2018","Leased","28","IV18175604MR","1627","LSE","LD","10950   Church ST #2522","RANCHO CUCAMONGA","2","2.00 (2 0 0 0)","1,176","$1.84","$2,160","$2,160","$0.00","1,176","2002","9"
"","08/20/2018","Leased","39","IV18179359MR","1543","LSE","LD","1150  W Phillips ST #AP119","ONTARIO","2","2.00 (2 0 0 0)","956","$1.77","$1,695","$1,695","","2,700","1987","25"
"","07/31/2018","Leased","14","IV18181770MR","1627","LSE","LD","11343   Mountain View DR #53","RANCHO CUCAMONGA","2","2.00 (2 0 0 0)","1,037","$1.89","$1,955","$1,955","$0.00","1,037","1990","4"
"","09/12/2018","Leased","18","IV18183054MR","1627","LSE","LD","10730   Church ST #335","RANCHO CUCAMONGA","1","1.00 (1 0 0 0)","619","$2.57","$1,588","$1,588","$0.00","619","1987","43"
"","08/28/2018","Leased","38","IV18185029MR","1627","LSE","LD","8423   Western Trail PL #D","RANCHO CUCAMONGA","2","3.00 (2 0 1 0)","1,110","$1.64","$1,825","$1,825","","1,110","1986","22"
"","08/06/2018","Leased","14","IV18187965MR","1627","LSE","LD","11343   Mountain View DR #56","RANCHO CUCAMONGA","2","2.00 (2 0 0 0)","1,037","$1.85","$1,920","$1,920","$0.00","1,037","1990","3"
"","09/06/2018","Leased","16","IV18188165MR","1543","LSE","LD","911  N Vineyard AVE #B","ONTARIO","2","1.00 (1 0 0 0)","950","$1.58","$1,500","$1,500","$0.00","6,222","1972","28"
"","09/10/2018","Leased","27","IV18196144MR","1627","LSE","LD","10850   Church ST #R304","RANCHO CUCAMONGA","2","2.00 (2 0 0 0)","996","$1.99","$1,981","$1,981","$0.00","996","2001","27"
"","08/25/2018","Leased","9","IV18197130MR","1543","LSE","LD","1309  W Mission BLVD #U-54","ONTARIO","1","1.00 (1 0 0 0)","645","$1.78","$1,150","$1,150","","645","1988","5"
"","08/30/2018","Leased","17","IV18201414MR","1627","LSE","LD","7868   Milliken AVE #179","RANCHO CUCAMONGA","2","2.00 (2 0 0 0)","990","$1.99","$1,968","$1,968","$0.00","990","2003","13"
"","11/02/2018","Leased","6","IV18204340MR","469","LSE","LD","1444  E Kingsley AVE ","POMONA","12","10.00 (10 0 0 0)","5,942","$0.24","$1,400","$1,400","$0.00","8,976","1963","93"
"","10/08/2018","Leased","31","IV18207418MR","1627","LSE","LD","7301   Belpine PL #1","RANCHO CUCAMONGA","3","3.00 (2 0 1 0)","1,354","$1.74","$2,350","$2,400","","1,400","1989","28"
"","09/27/2018","Leased","14","IV18212494MR","1627","LSE","LD","11343   Mountain View DR #66","RANCHO CUCAMONGA","2","2.00 (2 0 0 0)","898","$2.21","$1,988","$1,988","$0.00","898","1990","28"
"","08/31/2018","Leased","15","IV18212558MR","1627","LSE","LD","8840   19th ST #94","RANCHO CUCAMONGA","1","1.00 (1 0 0 0)","700","$2.54","$1,780","$1,780","$0.00","700","1988","1"
"","09/26/2018","Leased","12","IV18218960MR","1627","LSE","LD","8618   Madrone AVE ","RANCHO CUCAMONGA","2","2.00 (2 0 0 0)","988","$2.20","$2,175","$2,175","","988","1983","2"
"","10/02/2018","Leased","16","IV18225357MR","1627","LSE","LD","10730   Church ST #273","RANCHO CUCAMONGA","2","2.00 (2 0 0 0)","885","$2.11","$1,868","$1,868","$0.00","885","1988","17"
"","10/12/2018","Leased","15","IV18227733MR","1627","LSE","LD","7868   Milliken AVE #180","RANCHO CUCAMONGA","2","2.00 (2 0 0 0)","990","$1.94","$1,921","$1,921","$0.00","990","2003","23"
"","10/15/2018","Leased","8","IV18231162MR","1627","LSE","LD","8558   Stoneside DR ","RANCHO CUCAMONGA","2","1.00 (1 0 0 0)","785","$2.41","$1,895","$1,895","","2,000","1986","17"
"","01/08/2019","Leased","16","IV18239396MR","1627","LSE","LD","10730   Church ST #391","RANCHO CUCAMONGA","2","2.00 (2 0 0 0)","885","$2.21","$1,957","$1,957","$0.00","885","1988","97"
"","01/04/2019","Leased","1","IV18248807MR","469","LSE","LD","1383  S Park AVE #A","POMONA","2","3.00 (2 0 1 0)","982","$1.63","$1,600","$1,600","","80,570","1992","83"
"","12/31/2018","Leased","15","IV18250218MR","1627","LSE","LD","8840   19th ST #167","RANCHO CUCAMONGA","1","1.00 (1 0 0 0)","700","$2.18","$1,528","$1,528","$0.00","700","1988","76"
"","01/18/2019","Leased","25","IV18250237MR","1627","LSE","LD","10950   Church ST #1322","RANCHO CUCAMONGA","2","2.00 (2 0 0 0)","1,176","$1.89","$2,218","$2,218","$0.00","1,176","2002","94"
"","11/01/2018","Leased","14","IV18250644MR","1627","LSE","LD","9810   Madonna CT ","RANCHO CUCAMONGA","3","3.00 (2 0 1 0)","1,480","$1.59","$2,350","$2,350","","2,000","1985","12"
"","11/21/2018","Leased","13","IV18257851MR","1627","LSE","LD","11343   Mountain View DR #119","RANCHO CUCAMONGA","2","2.00 (2 0 0 0)","898","$2.09","$1,878","$1,878","$0.00","898","1990","27"
"","12/27/2018","Leased","27","IV18262164MR","487","LSE","LD","194   Principia CT ","CLAREMONT","3","2.00 (2 0 0 0)","1,674","$1.67","$2,800","$2,800","","32,006","2004","58"
"","02/18/2019","Leased","29","IV18264508MR","1627","LSE","LD","11450   Church ST #72","RANCHO CUCAMONGA","2","2.00 (2 0 0 0)","1,092","$1.74","$1,900","$1,900","$0.00","1,092","2004","62"
"","01/10/2019","Leased","1","IV18273024MR","1627","LSE","LD","7250   Hermosa AVE #1/2","RANCHO CUCAMONGA","2","3.00 (2 0 1 0)","1,218","$1.56","$1,895","$1,895","","1,500","1986","46"
"","01/02/2019","Leased","10","IV18281182MR","1795","LSE","LD","1217   Edgewood LN ","UPLAND","2","2.00 (1 0 1 0)","1,032","$1.64","$1,695","$1,695","$0.00","1,032","1973","19"
"","01/26/2019","Leased","14","IV18282510MR","1627","LSE","LD","9874   Amalfi WAY ","RANCHO CUCAMONGA","2","2.00 (2 0 0 0)","1,037","$2.02","$2,095","$2,095","","2,000","1983","15"
"","04/19/2019","Leased","14","IV18282512MR","1627","LSE","LD","10018   Baseline RD ","RANCHO CUCAMONGA","2","3.00 (2 0 1 0)","1,286","$1.69","$2,175","$2,175","","1,500","1985","130"
"","02/20/2019","Leased","16","IV18291455MR","1627","LSE","LD","7868   Milliken AVE #268","RANCHO CUCAMONGA","1","1.00 (1 0 0 0)","711","$2.50","$1,780","$1,780","$0.00","811","2003","67"
"","01/08/2019","Leased","9","IV18291820MR","1627","LSE","LD","10151   Arrow  #143","RANCHO CUCAMONGA","2","2.00 (2 0 0 0)","973","$1.70","$1,650","$1,650","","973","1986","18"
"","02/02/2019","Leased","14","IV18293452MR","1795","LSE","LD","909   Springfield ST #C","UPLAND","2","2.00 (1 0 0 1)","1,005","$1.49","$1,500","$1,500","$0.00","8,920","1966","38"
"","03/15/2019","Leased","12","IV19008875MR","1627","LSE","LD","11343   Mountain View DR #194","RANCHO CUCAMONGA","2","2.00 (2 0 0 0)","898","$2.21","$1,988","$1,988","$0.00","898","1990","62"
"","02/18/2019","Leased","25","IV19013909MR","1627","LSE","LD","10950   Church ST #3722","RANCHO CUCAMONGA","2","2.00 (2 0 0 0)","1,176","$1.86","$2,189","$2,189","$0.00","1,176","2002","30"
"","03/27/2019","Leased","8","IV19019208MR","1795","LSE","LD","909   Springfield ST #D","UPLAND","2","2.00 (1 0 0 1)","1,005","$1.49","$1,500","$1,500","$0.00","8,920","1966","24"
"","07/22/2019","Leased","21","IV19019695MR","1627","LSE","LD","11198   Terra Vista PKWY ","RANCHO CUCAMONGA","3","3.00 (2 0 0 1)","1,354","$1.62","$2,200","$365,000","","1,400","1989","16"
"","02/28/2019","Leased","19","IV19020411MR","1795","LSE","LD","1534   Corte Caballo  ","UPLAND","2","3.00 (2 0 1 0)","1,522","$1.31","$2,000","$2,000","","1,522","1988","12"
"","04/01/2019","Leased","12","IV19025809MR","1543","LSE","LD","1176  W Philadelphia ST ","ONTARIO","3","2.00 (2 0 0 0)","972","$1.95","$1,900","$1,900","","972","1973","27"
"","03/18/2019","Leased","9","IV19031689MR","1543","LSE","LD","130  N Pleasant AVE #B","ONTARIO","1","1.00 (1 0 0 0)","850","$1.52","$1,295","$1,295","$0.00","9,648","1922","23"
"","02/27/2019","Leased","17","IV19036920MR","1627","LSE","LD","10730   Church ST #170","RANCHO CUCAMONGA","2","2.00 (2 0 0 0)","885","$2.25","$1,992","$1,992","$0.00","885","1988","9"
"","03/04/2019","Leased","14","IV19038540MR","1627","LSE","LD","7868   Milliken AVE #267","RANCHO CUCAMONGA","1","1.00 (1 0 0 0)","711","$2.83","$2,015","$2,015","$0.00","811","2003","11"
"","03/09/2019","Leased","14","IV19038985MR","1627","LSE","LD","7921   Adriano PL ","RANCHO CUCAMONGA","2","2.00 (2 0 0 0)","1,000","$2.30","$2,295","$2,295","","2,000","1984","17"
"","03/30/2019","Leased","7","IV19041113MR","1795","LSE","LD","1024  W Pine ST #B","UPLAND","1","1.00 (1 0 0 0)","3,732","$0.32","$1,195","$1,195","$0.00","7,800","1966","27"
"","04/09/2019","Leased","14","IV19044327MR","1627","LSE","LD","8080   Calle Carabe PL ","RANCHO CUCAMONGA","3","3.00 (3 0 0 0)","1,936","$1.47","$2,850","$2,850","","1,936","1977","20"
"","03/12/2019","Leased","17","IV19044374MR","1627","LSE","LD","10730   Church ST #348","RANCHO CUCAMONGA","2","2.00 (2 0 0 0)","885","$2.14","$1,898","$1,898","$0.00","885","1988","12"
"","05/03/2019","Leased","1","IV19047925MR","1795","LSE","LD","1528   Springfield WAY ","UPLAND","3","3.00 (2 0 1 0)","1,626","$1.35","$2,200","$2,200","","1,238","2011","5"
"","03/14/2019","Leased","24","IV19048081MR","1627","LSE","LD","10950   Church ST #1022","RANCHO CUCAMONGA","2","2.00 (2 0 0 0)","1,176","$1.77","$2,086","$2,070","$0.00","1,176","2002","10"
"","04/02/2019","Leased","5","IV19048443MR","469","LSE","LD","450   Anderwood CT #12","POMONA","2","2.00 (2 0 0 0)","1,037","$1.74","$1,800","$1,800","$0.00","63,663","1989","30"
"","04/07/2019","Leased","10","IV19050633MR","1627","LSE","LD","8990   19th ST #354","ALTA LOMA","2","1.00 (1 0 0 0)","823","$1.94","$1,600","$1,600","","975","1981","25"
"","04/08/2019","Leased","13","IV19064391MR","1627","LSE","LD","7868   Milliken AVE #408","RANCHO CUCAMONGA","2","2.00 (2 0 0 0)","1,019","$2.13","$2,168","$2,168","$0.00","1,019","2003","16"
"","04/04/2019","Leased","19","IV19064509MR","1627","LSE","LD","10850   Church ST #K301","RANCHO CUCAMONGA","2","2.00 (2 0 0 0)","996","$2.24","$2,230","$2,230","$0.00","996","2001","13"
"","04/18/2019","Leased","9","IV19077019MR","1543","LSE","LD","876  S Palmetto AVE #876","ONTARIO","2","3.00 (2 0 1 0)","1,370","$1.46","$1,995","$1,995","$0.00","1,290","1985","13"
"","05/13/2019","Leased","7","IV19094269MR","1543","LSE","LD","862  S Palmetto AVE ","ONTARIO","3","3.00 (2 0 1 0)","1,475","$1.49","$2,195","$2,195","$0.00","1,475","1985","18"
"","03/24/2019","Leased","13","NP19061480MR","1543","LSE","LD","849   Copper Privado  ","ONTARIO","2","3.00 (2 0 1 0)","1,129","$1.51","$1,700","$1,700","","1,129","1988","9"
"","12/28/2018","Leased","7","OC18279200MR","1627","LSE","LD","8990   19th ST #246","RANCHO CUCAMONGA","2","2.00 (2 0 0 0)","925","$1.61","$1,490","$1,490","","1,000","1981","31"
"","05/16/2019","Leased","10","PF19053474MR","1455","LSE","LD","5289   Cordera ST ","MONTCLAIR","3","3.00 (2 0 1 0)","1,955","$1.28","$2,500","$2,500","","","2018","41"
"","01/16/2019","Leased","10","PW18295307MR","1543","LSE","LD","1175  E D ST #2","ONTARIO","2","2.00 (1 0 0 1)","1,012","$1.68","$1,700","$1,700","","2,000","2007","25"
"","04/30/2019","Leased","5","PW19052931MR","1627","LSE","LD","10245   Chaparral WAY #B","RANCHO CUCAMONGA","3","3.00 (2 0 1 0)","1,339","$1.49","$2,000","$2,000","$0.00","1,339","1987","49"
"","05/04/2019","Leased","10","PW19084496MR","1795","LSE","LD","1016  W Pine ST #B","UPLAND","2","2.00 (1 0 1 0)","1,000","$1.55","$1,550","$1,600","$0.00","8,395","1975","15"
"","05/13/2019","Leased","22","SB19042731MR","469","LSE","LD","2734   Valor LN ","POMONA","4","4.00 (4 0 0 0)","2,110","$1.61","$3,400","$3,400","","19,737","2016","39"
"","02/04/2018","Leased","29","TR18015311MR","1543","LSE","LD","2163   Magnolia AVE ","ONTARIO","2","1.00 (1 0 0 0)","918","$1.69","$1,550","$1,550","","918","1973","9"
"","05/13/2018","Leased","15","TR18074841MR","1543","LSE","LD","1309  W Mission BLVD #U-96","ONTARIO","2","1.00 (1 0 0 0)","711","$1.97","$1,400","$1,400","","645","1988","9"
"","09/11/2018","Leased","6","TR18147630MR","1543","LSE","LD","1455  W Stoneridge CT ","ONTARIO","2","1.00 (1 0 0 0)","6,354","$0.22","$1,425","$1,600","","13,320","1986","74"
"","10/27/2018","Leased","9","TR18214384MR","1627","LSE","LD","10151   Arrow  #40","RANCHO CUCAMONGA","2","2.00 (2 0 0 0)","973","$1.64","$1,600","$1,600","","973","1986","11"
"","12/26/2018","Leased","13","TR18214536MR","1627","LSE","LD","7228   Hermosa AVE ","RANCHO CUCAMONGA","2","3.00 (2 0 1 0)","1,218","$1.60","$1,950","$1,950","","1,500","1986","56"
"","01/03/2019","Leased","36","TR18274947MR","1795","LSE","LD","191   Royal WAY ","UPLAND","3","3.00 (2 0 1 0)","1,451","$1.45","$2,100","$2,100","","717","2016","38"
"","12/29/2018","Leased","24","TR18281549MR","487","LSE","LD","726   Huron DR ","CLAREMONT","3","3.00 (3 0 0 0)","1,781","$1.52","$2,700","$2,700","$108.00","17,075","2015","29"
"","12/20/2018","Leased","21","TR18287505MR","1543","LSE","LD","1650  S Campus AVE #85","ONTARIO","2","2.00 (2 0 0 0)","1,000","$1.55","$1,550","$1,550","","1,000","1985","12"
"","01/10/2019","Leased","30","TR18289193MR","469","LSE","LD","1452   Oakwood WAY ","POMONA","3","3.00 (2 0 1 0)","1,616","$1.27","$2,050","$2,050","","48,139","2006","31"
"","01/02/2019","Leased","22","TR18294396MR","1122","LSE","LD","11911   Cayuga PL ","CHINO","2","2.00 (1 0 1 0)","1,096","$1.69","$1,850","$1,850","","1,096","1986","13"
"","01/09/2019","Leased","10","TR19000986MR","1543","LSE","LD","2215   Smoke Tree LN ","ONTARIO","3","3.00 (2 0 1 0)","1,346","$1.33","$1,795","$1,795","$0.00","1,650","1981","6"
"","04/27/2019","Leased","17","TR19048448MR","1627","LSE","LD","9714   Bodega CT ","RANCHO CUCAMONGA","3","3.00 (2 0 1 0)","1,480","$1.42","$2,100","$2,100","","2,000","1986","37"
"","05/03/2019","Leased","60","TR19052298MR","1795","LSE","LD","756   Central AVE ","UPLAND","3","4.00 (3 0 1 0)","2,279","$1.18","$2,700","$2,550","","900","2018","25"
"","05/16/2019","Leased","22","TR19064428MR","1543","LSE","LD","3069  E Via Rosso  ","ONTARIO","3","3.00 (2 0 0 1)","1,580","$1.39","$2,200","$2,200","","1,880","2017","42"
"","05/07/2019","Leased","30","TR19102582MR","1543","LSE","LD","753  N Via Dolcetto  ","ONTARIO","3","3.00 (2 0 1 0)","1,580","$1.39","$2,200","$2,200","","800","2015","1"
"","05/21/2019","Leased","42","TR19111699MR","1627","LSE","LD","8031   Pueblo PL #104","RANCHO CUCAMONGA","2","3.00 (3 0 0 0)","1,679","$1.31","$2,200","$2,200","","2,314","2006","7"
"","04/03/2018","Leased","13","WS18060395MR","1795","LSE","LD","489   w Alpine ST ","UPLAND","2","1.00 (1 0 0 0)","870","$1.49","$1,295","$1,295","$0.00","15,070","1960","17"
"","04/27/2018","Leased","17","WS18075960MR","1543","LSE","LD","2246   Loggers LN ","ONTARIO","3","3.00 (2 0 1 0)","1,346","$1.56","$2,100","$2,200","$0.00","1,346","1983","9"
"","06/27/2018","Leased","22","WS18137499MR","1543","LSE","LD","1309  W Mission BLVD #U-110","ONTARIO","3","2.00 (2 0 0 0)","950","$1.95","$1,850","$1,900","","710","1988","15"
"","11/07/2018","Leased","51","WS18251856MR","1543","LSE","LD","2220  S Greenwood PL #B","ONTARIO","2","3.00 (2 0 1 0)","1,061","$1.79","$1,900","$2,000","$0.00","1,061","1983","20"
"","11/23/2018","Leased","16","WS18258384MR","478","LSE","LD","879   Iris WAY #B","AZUSA","2","2.00 (2 0 0 0)","1,305","$1.69","$2,200","$2,200","","1,254","2018","50"
"","05/19/2019","Leased","12","WS19081536MR","487","LSE","LD","833   Trinity LN ","CLAREMONT","3","3.00 (3 0 0 0)","1,850","$1.51","$2,800","$2,800","","80,732","1984","38"
"","05/05/2019","Leased","11","WS19086036MR","1543","LSE","LD","2966   E VIA FIANO  ","ONTARIO","3","3.00 (2 0 1 0)","1,749","$1.32","$2,300","$2,300","","1,749","2017","18"
"","05/17/2019","Leased","10","WS19087516MR","1543","LSE","LD","1309  W Mission BLVD #U-36","ONTARIO","2","2.00 (2 0 0 0)","880","$1.82","$1,600","$1,600","","880","1988","11"
